"sitename","lat","long","siteid","datasetid","depth","Salix","Populus","Picea","calibrated_age","age"
"Red Green Lake",68.654086,-149.681654,10537,16236,0,0.0153061224489796,0,0.130952380952381,-47,-47
"Red Green Lake",68.654086,-149.681654,10537,16236,8,0.0205882352941176,0,0.111111111111111,579.5,201
"Red Green Lake",68.654086,-149.681654,10537,16236,12,0.0268714011516315,0,0.112727272727273,674,327
"Red Green Lake",68.654086,-149.681654,10537,16236,16,0.0186915887850467,0,0.0986547085201794,786,453
"Red Green Lake",68.654086,-149.681654,10537,16236,20,0.0120845921450151,0,0.169312169312169,915.5,573
"Red Green Lake",68.654086,-149.681654,10537,16236,25,0.0200445434298441,0,0.0638297872340426,1024,688
"Red Green Lake",68.654086,-149.681654,10537,16236,30,0.00531914893617021,0,0.0689655172413793,1107.5,808
"Red Green Lake",68.654086,-149.681654,10537,16236,35,0.0170454545454545,0,0.105504587155963,1175,930
"Red Green Lake",68.654086,-149.681654,10537,16236,40,0.0197628458498024,0,0.0929368029739777,1242.5,1046
"Red Green Lake",68.654086,-149.681654,10537,16236,45,0.0084985835694051,0,0.0916666666666667,1315,1164
"Red Green Lake",68.654086,-149.681654,10537,16236,50,0.00289017341040462,0,0.103960396039604,1380,1280
"Red Green Lake",68.654086,-149.681654,10537,16236,55,0.0235507246376812,0,0.0844594594594595,1454,1400
"Red Green Lake",68.654086,-149.681654,10537,16236,60,0.0272373540856031,0,0.06640625,1520,1514
"Red Green Lake",68.654086,-149.681654,10537,16236,70,0.0234375,0,0.0526315789473684,1709,1744
"Red Green Lake",68.654086,-149.681654,10537,16236,80,0.0196629213483146,0,0.122340425531915,2017,2045
"Red Green Lake",68.654086,-149.681654,10537,16236,90,0.0244821092278719,0,0.0689655172413793,2309.5,2342
"Red Green Lake",68.654086,-149.681654,10537,16236,100,0.027027027027027,0,0.0675675675675676,2605,2638
"Red Green Lake",68.654086,-149.681654,10537,16236,110,0.0140515222482436,0,0.211267605633803,2901,2939
"Red Green Lake",68.654086,-149.681654,10537,16236,120,0.00441501103752759,0,0.0803212851405622,3185,3241
"Red Green Lake",68.654086,-149.681654,10537,16236,130,0.0273972602739726,0,0.107569721115538,3738.5,3646
"Red Green Lake",68.654086,-149.681654,10537,16236,140,0.0240963855421687,0,0.0946969696969697,4299,4212
"Red Green Lake",68.654086,-149.681654,10537,16236,150,0.0301659125188537,0,0.0348837209302326,4877,4793
"Red Green Lake",68.654086,-149.681654,10537,16236,160,0.0116279069767442,0,0.0612903225806452,5441,5355
"Red Green Lake",68.654086,-149.681654,10537,16236,170,0.0184331797235023,0,0.06,6025,5923
"Red Green Lake",68.654086,-149.681654,10537,16236,175,0.00681818181818182,0,0.0410094637223975,6318.5,6216
"Red Green Lake",68.654086,-149.681654,10537,16236,180,0.0173053152039555,0,0.0307443365695793,6584,6512
"Red Green Lake",68.654086,-149.681654,10537,16236,185,0.0175438596491228,0,0.0169491525423729,6855,6798
"Red Green Lake",68.654086,-149.681654,10537,16236,190,0.0155339805825243,0,0.0319148936170213,7139,7102
"Red Green Lake",68.654086,-149.681654,10537,16236,195,0.0187353629976581,0,0.027355623100304,7428,7395
"Red Green Lake",68.654086,-149.681654,10537,16236,200,0.0186915887850467,0,0.0170648464163823,7718.5,7681
"Red Green Lake",68.654086,-149.681654,10537,16236,205,0.0109409190371991,0,0.028169014084507,7958,7961
"Red Green Lake",68.654086,-149.681654,10537,16236,210,0.015625,0,0.015625,8059,8081
"Red Green Lake",68.654086,-149.681654,10537,16236,215,0.0271739130434783,0,0.029585798816568,8187,8183
"Red Green Lake",68.654086,-149.681654,10537,16236,220,0.00696864111498258,0,0.0145985401459854,8240,8274
"Red Green Lake",68.654086,-149.681654,10537,16236,225,0.0264026402640264,0,0.0118343195266272,8289,8339
"Red Green Lake",68.654086,-149.681654,10537,16236,230,0.03125,0,0.0204778156996587,8354,8404
"Red Green Lake",68.654086,-149.681654,10537,16236,235,0.0144927536231884,0,0.0120481927710843,8401,8473
"Red Green Lake",68.654086,-149.681654,10537,16236,240,0.0130718954248366,0,0,8442,8546
"Upper Capsule Lake",68.630934,-149.417838,10539,16241,0,0.0186335403726708,0.0011001100110011,0.0297029702970297,-47,-47
"Upper Capsule Lake",68.630934,-149.417838,10539,16241,5,0.0282722513089005,0,0.00925925925925926,184,59
"Upper Capsule Lake",68.630934,-149.417838,10539,16241,10,0.0123456790123457,0,0.0308641975308642,270.5,162
"Upper Capsule Lake",68.630934,-149.417838,10539,16241,15,0.00271739130434783,0,0.00873362445414847,347.5,271
"Upper Capsule Lake",68.630934,-149.417838,10539,16241,20,0.00196463654223969,0,0.0132275132275132,425.5,384
"Upper Capsule Lake",68.630934,-149.417838,10539,16241,25,0.00392927308447937,0,0.0234375,509.5,489
"Upper Capsule Lake",68.630934,-149.417838,10539,16241,30,0.01364522417154,0,0.00478468899521531,590,598
"Upper Capsule Lake",68.630934,-149.417838,10539,16241,35,0.021505376344086,0,0.0119047619047619,669.5,715
"Upper Capsule Lake",68.630934,-149.417838,10539,16241,40,0.0139211136890951,0,0.016597510373444,751.5,824
"Upper Capsule Lake",68.630934,-149.417838,10539,16241,45,0.0164705882352941,0,0.0152091254752852,827.5,932
"Upper Capsule Lake",68.630934,-149.417838,10539,16241,50,0.019559902200489,0,0.0230769230769231,920.5,1041
"Upper Capsule Lake",68.630934,-149.417838,10539,16241,60,0.0205128205128205,0,0.0228571428571429,1128.5,1254
"Upper Capsule Lake",68.630934,-149.417838,10539,16241,70,0.0127118644067797,0,0.015625,1358,1469
"Upper Capsule Lake",68.630934,-149.417838,10539,16241,75,0.0128205128205128,0,0.0218978102189781,1486,1576
"Upper Capsule Lake",68.630934,-149.417838,10539,16241,85,0.017687074829932,0,0.00728597449908925,1739.5,1815
"Upper Capsule Lake",68.630934,-149.417838,10539,16241,95,0.0192644483362522,0,0.015625,1949.5,2059
"Upper Capsule Lake",68.630934,-149.417838,10539,16241,105,0.00614754098360656,0,0.0371747211895911,2337.5,2330
"Upper Capsule Lake",68.630934,-149.417838,10539,16241,115,0.00392156862745098,0,0.0153061224489796,2656,2668
"Upper Capsule Lake",68.630934,-149.417838,10539,16241,125,0.00245700245700246,0,0.0111111111111111,2989.5,3006
"Upper Capsule Lake",68.630934,-149.417838,10539,16241,135,0.00448430493273543,0,0.00595238095238095,3314.5,3348
"Upper Capsule Lake",68.630934,-149.417838,10539,16241,140,0.0309278350515464,0,0.00843881856540084,3458,3519
"Upper Capsule Lake",68.630934,-149.417838,10539,16241,150,0.0116279069767442,0,0.0231958762886598,3789.5,3855
"Upper Capsule Lake",68.630934,-149.417838,10539,16241,155,0.0056710775047259,0,0.005249343832021,3984.5,4022
"Upper Capsule Lake",68.630934,-149.417838,10539,16241,165,0.013671875,0,0.0111111111111111,4443,4420
"Upper Capsule Lake",68.630934,-149.417838,10539,16241,175,0.00397614314115308,0,0.00317460317460317,4816,4863
"Upper Capsule Lake",68.630934,-149.417838,10539,16241,180,0.018,0,0.032069970845481,5017,5073
"Upper Capsule Lake",68.630934,-149.417838,10539,16241,190,0.027124773960217,0,0.00508905852417303,5409.5,5497
"Upper Capsule Lake",68.630934,-149.417838,10539,16241,205,0.0107296137339056,0,0.00955414012738854,6012,6136
"Upper Capsule Lake",68.630934,-149.417838,10539,16241,210,0.0111940298507463,0,0.00831024930747922,6442.5,6354
"Upper Capsule Lake",68.630934,-149.417838,10539,16241,220,0.0423197492163009,0,0.010443864229765,6959.5,6893
"Upper Capsule Lake",68.630934,-149.417838,10539,16241,230,0.025531914893617,0.00711743772241993,0.00711743772241993,7461,7406
"Upper Capsule Lake",68.630934,-149.417838,10539,16241,235,0.0259179265658747,0,0.0352941176470588,7875.5,7693
"Upper Capsule Lake",68.630934,-149.417838,10539,16241,240,0.0175054704595186,0,0.00854700854700855,8260,8083
"Upper Capsule Lake",68.630934,-149.417838,10539,16241,245,0.0528846153846154,0,0.00396825396825397,8636,8503
"Upper Capsule Lake",68.630934,-149.417838,10539,16241,250,0.0300187617260788,0.00284090909090909,0.00568181818181818,9022,8957
"Upper Capsule Lake",68.630934,-149.417838,10539,16241,255,0.0231578947368421,0.0130293159609121,0,9162,9213
"Upper Capsule Lake",68.630934,-149.417838,10539,16241,260,0.0333333333333333,0.00344827586206897,0.00344827586206897,9246,9311
"Upper Capsule Lake",68.630934,-149.417838,10539,16241,265,0.0173913043478261,0.0186046511627907,0,9461,9423
"Upper Capsule Lake",68.630934,-149.417838,10539,16241,270,0.0344827586206897,0.0109289617486339,0,9640,9624
"Upper Capsule Lake",68.630934,-149.417838,10539,16241,280,0.0371900826446281,0,0.00520833333333333,9977,10035
"Upper Capsule Lake",68.630934,-149.417838,10539,16241,290,0.0316455696202532,0.0172413793103448,0,10317.5,10461
"Upper Capsule Lake",68.630934,-149.417838,10539,16241,295,0.0438095238095238,0,0,10503.5,10684
"Upper Capsule Lake",68.630934,-149.417838,10539,16241,302,0.0182926829268293,0.0103626943005181,0,10756,10978
"Upper Capsule Lake",68.630934,-149.417838,10539,16241,306,0.0439770554493308,0,0,10892,11148
"Upper Capsule Lake",68.630934,-149.417838,10539,16241,310,0.0515222482435597,0,0,11211.5,11319
"Upper Capsule Lake",68.630934,-149.417838,10539,16241,318,0.0262529832935561,0,0,11336,11594
"Upper Capsule Lake",68.630934,-149.417838,10539,16241,322,0.0411449016100179,0,0,11359.5,11693
"Upper Capsule Lake",68.630934,-149.417838,10539,16241,326,0.0126582278481013,0,0,11432,11792
"Crowsnest Lake",68.33333,-146.48333,513,527,5,0.0348837209302326,0.0286885245901639,0.110655737704918,4471,123
"Crowsnest Lake",68.33333,-146.48333,513,527,10,0.0308988764044944,0.00826446280991736,0.165289256198347,4504.5,246
"Crowsnest Lake",68.33333,-146.48333,513,527,20,0.00854700854700855,0,0.256410256410256,4593,493
"Crowsnest Lake",68.33333,-146.48333,513,527,30,0.0264705882352941,0,0.25,4730,739
"Crowsnest Lake",68.33333,-146.48333,513,527,40,0.00657894736842105,0,0.331730769230769,4813,985
"Crowsnest Lake",68.33333,-146.48333,513,527,50,0.0105540897097625,0.00806451612903226,0.254032258064516,4919,1232
"Crowsnest Lake",68.33333,-146.48333,513,527,65,0.0194174757281553,0,0.246305418719212,5076,1601
"Crowsnest Lake",68.33333,-146.48333,513,527,70,0.0175438596491228,0,0.250847457627119,5103.5,1724
"Crowsnest Lake",68.33333,-146.48333,513,527,80,0.0337837837837838,0.00483091787439614,0.289855072463768,5218,1970
"Crowsnest Lake",68.33333,-146.48333,513,527,90,0.0123839009287926,0,0.438679245283019,5337,2217
"Crowsnest Lake",68.33333,-146.48333,513,527,100,0.0181268882175227,0.0040650406504065,0.313008130081301,5428.5,2463
"Crowsnest Lake",68.33333,-146.48333,513,527,110,0.0168539325842697,0,0.212765957446809,5530,2709
"Crowsnest Lake",68.33333,-146.48333,513,527,120,0.0190839694656489,0,0.195061728395062,5628.5,2956
"Crowsnest Lake",68.33333,-146.48333,513,527,130,0.0205128205128205,0.00763358778625954,0.366412213740458,5727.5,3202
"Crowsnest Lake",68.33333,-146.48333,513,527,140,0.0128617363344051,0.00440528634361233,0.259911894273128,5863,3448
"Crowsnest Lake",68.33333,-146.48333,513,527,150,0.0138888888888889,0.0068259385665529,0.204778156996587,5940,3695
"Crowsnest Lake",68.33333,-146.48333,513,527,160,0.0316622691292876,0.00327868852459016,0.140983606557377,6056.5,3941
"Crowsnest Lake",68.33333,-146.48333,513,527,170,0.0263157894736842,0.00431034482758621,0.176724137931034,6146.5,4187
"Crowsnest Lake",68.33333,-146.48333,513,527,180,0.0151515151515152,0,0.302040816326531,6231,4433
"Crowsnest Lake",68.33333,-146.48333,513,527,190,0.0158730158730159,0.0090702947845805,0.233560090702948,6342.5,4680
"Crowsnest Lake",68.33333,-146.48333,513,527,200,0.00865800865800866,0,0.3125,6450.5,4926
"Crowsnest Lake",68.33333,-146.48333,513,527,210,0.0124113475177305,0,0.125786163522013,6542,5172
"Crowsnest Lake",68.33333,-146.48333,513,527,220,0.0255863539445629,0,0.126344086021505,6645,5419
"Crowsnest Lake",68.33333,-146.48333,513,527,230,0.0219435736677116,0,0.125,6753.5,5665
"Crowsnest Lake",68.33333,-146.48333,513,527,240,0.0228571428571429,0.00380228136882129,0.186311787072243,6869.5,5911
"Crowsnest Lake",68.33333,-146.48333,513,527,250,0.020253164556962,0,0.251552795031056,7000,6158
"Crowsnest Lake",68.33333,-146.48333,513,527,260,0.0193370165745856,0.00373134328358209,0.212686567164179,7250,6363
"Crowsnest Lake",68.33333,-146.48333,513,527,270,0.0259179265658747,0,0.209726443768997,7376.5,6472
"Crowsnest Lake",68.33333,-146.48333,513,527,275,0.0276073619631902,0,0.172972972972973,7448.5,6527
"Crowsnest Lake",68.33333,-146.48333,513,527,280,0.0099009900990099,0.00409836065573771,0.204918032786885,7508.5,6581
"Crowsnest Lake",68.33333,-146.48333,513,527,290,0.0159744408945687,0.00448430493273543,0.174887892376682,7625.5,6691
"Crowsnest Lake",68.33333,-146.48333,513,527,301,0.0112044817927171,0,0.220779220779221,7753,6811
"Crowsnest Lake",68.33333,-146.48333,513,527,310,0.0142857142857143,0,0.14336917562724,7852.5,6909
"Crowsnest Lake",68.33333,-146.48333,513,527,320,0.0153846153846154,0.0176991150442478,0.265486725663717,7964,7018
"Crowsnest Lake",68.33333,-146.48333,513,527,330,0.0234113712374582,0,0.373493975903614,8068.5,7128
"Crowsnest Lake",68.33333,-146.48333,513,527,340,0.020671834625323,0.00483091787439614,0.323671497584541,8182.5,7237
"Crowsnest Lake",68.33333,-146.48333,513,527,350,0.027190332326284,0,0.0643939393939394,8294.5,7346
"Crowsnest Lake",68.33333,-146.48333,513,527,357,0.0148305084745763,0.0238805970149254,0.295522388059701,8372,7423
"Crowsnest Lake",68.33333,-146.48333,513,527,370,0.0133333333333333,0,0.248,8512.5,7565
"Crowsnest Lake",68.33333,-146.48333,513,527,380,0.0180722891566265,0.00763358778625954,0.133587786259542,8637.5,7674
"Crowsnest Lake",68.33333,-146.48333,513,527,390,0.0115273775216138,0,0.117647058823529,8753,7783
"Crowsnest Lake",68.33333,-146.48333,513,527,400,0.0318181818181818,0,0.181818181818182,8872,7893
"Crowsnest Lake",68.33333,-146.48333,513,527,406,0.021671826625387,0.0136986301369863,0.136986301369863,8942.5,7958
"Crowsnest Lake",68.33333,-146.48333,513,527,415,0.0222222222222222,0.00515463917525773,0.0206185567010309,9047.5,8057
"Crowsnest Lake",68.33333,-146.48333,513,527,422,0.0461538461538462,0,0.0833333333333333,9134,8133
"Crowsnest Lake",68.33333,-146.48333,513,527,425,0.0219298245614035,0,0.371212121212121,9172,8166
"Crowsnest Lake",68.33333,-146.48333,513,527,426,0.0487804878048781,0.00757575757575758,0.136363636363636,9186,8177
"Crowsnest Lake",68.33333,-146.48333,513,527,430,0.0305882352941176,0,0.0784313725490196,9230,8220
"Crowsnest Lake",68.33333,-146.48333,513,527,440,0.0432276657060519,0.00454545454545455,0.0409090909090909,9355.5,8330
"Crowsnest Lake",68.33333,-146.48333,513,527,450,0.0334928229665072,0.0340136054421769,0.054421768707483,9476.5,8439
"Crowsnest Lake",68.33333,-146.48333,513,527,460,0.0321637426900585,0,0.0386266094420601,9587.5,8548
"Crowsnest Lake",68.33333,-146.48333,513,527,475,0.0165745856353591,0.00432900432900433,0.0303030303030303,9767.5,8712
"Crowsnest Lake",68.33333,-146.48333,513,527,490,0.0383386581469649,0.0154639175257732,0.0721649484536083,9955.5,8876
"Crowsnest Lake",68.33333,-146.48333,513,527,505,0.0581395348837209,0,0.0273972602739726,10185,9040
"Crowsnest Lake",68.33333,-146.48333,513,527,515,0.0228013029315961,0.00775193798449612,0.0232558139534884,10373,9165
"Crowsnest Lake",68.33333,-146.48333,513,527,525,0.0285714285714286,0,0.01,10545,9290
"Crowsnest Lake",68.33333,-146.48333,513,527,535,0.035031847133758,0,0,10711,9415
"Crowsnest Lake",68.33333,-146.48333,513,527,551,0.0497237569060773,0.0346320346320346,0.00432900432900433,10995.5,9615
"Crowsnest Lake",68.33333,-146.48333,513,527,560,0.0461095100864553,0.0195121951219512,0.0146341463414634,11164.5,9727
"Crowsnest Lake",68.33333,-146.48333,513,527,575,0.0378151260504202,0.00980392156862745,0.0196078431372549,11422.5,9914
"Crowsnest Lake",68.33333,-146.48333,513,527,590,0.0124223602484472,0.00995024875621891,0,11677,10102
"Crowsnest Lake",68.33333,-146.48333,513,527,600,0.00611620795107034,0,0.00591715976331361,11848,10226
"Crowsnest Lake",68.33333,-146.48333,513,527,610,0.0340557275541796,0.0240384615384615,0.00480769230769231,12017.5,10351
"Crowsnest Lake",68.33333,-146.48333,513,527,620,0.0166204986149584,0.00680272108843537,0.00680272108843537,12191,10476
"Crowsnest Lake",68.33333,-146.48333,513,527,630,0.0260869565217391,0.0188679245283019,0,12490,10601
"Crowsnest Lake",68.33333,-146.48333,513,527,635,0.0272727272727273,0,0.0099009900990099,12569,10664
"Crowsnest Lake",68.33333,-146.48333,513,527,650,0.023696682464455,0,0.00847457627118644,12756,10851
"Seagull Lake",68.26667,-145.21667,2271,2352,3,0.0103448275862069,0,0.380952380952381,719,123
"Seagull Lake",68.26667,-145.21667,2271,2352,10,0.0268817204301075,0,0.230769230769231,943,411
"Seagull Lake",68.26667,-145.21667,2271,2352,15,0,0,0.203125,1104,616
"Seagull Lake",68.26667,-145.21667,2271,2352,30,0.0350877192982456,0,0.2109375,1528.5,1233
"Seagull Lake",68.26667,-145.21667,2271,2352,35,0.00900900900900901,0,0.251937984496124,1675.5,1438
"Seagull Lake",68.26667,-145.21667,2271,2352,50,0.0114285714285714,0,0.283582089552239,2093,2055
"Seagull Lake",68.26667,-145.21667,2271,2352,60,0.0299625468164794,0,0.304812834224599,2500,2436
"Seagull Lake",68.26667,-145.21667,2271,2352,65,0.0253164556962025,0,0.21259842519685,2725.5,2612
"Seagull Lake",68.26667,-145.21667,2271,2352,75,0.0252100840336134,0,0.325,3162,2964
"Seagull Lake",68.26667,-145.21667,2271,2352,80,0.02,0,0.241025641025641,3371.5,3140
"Seagull Lake",68.26667,-145.21667,2271,2352,85,0.0113636363636364,0,0.231818181818182,3582.5,3316
"Seagull Lake",68.26667,-145.21667,2271,2352,90,0.0188679245283019,0,0.325757575757576,3793,3492
"Seagull Lake",68.26667,-145.21667,2271,2352,100,0.024896265560166,0,0.279411764705882,4231.5,3844
"Seagull Lake",68.26667,-145.21667,2271,2352,105,0.00809716599190283,0,0.308056872037915,4443,4020
"Seagull Lake",68.26667,-145.21667,2271,2352,115,0.00442477876106195,0,0.35,4864,4372
"Seagull Lake",68.26667,-145.21667,2271,2352,120,0.0127659574468085,0,0.311224489795918,5084.5,4548
"Seagull Lake",68.26667,-145.21667,2271,2352,125,0.0172910662824208,0,0.243816254416961,5301.5,4724
"Seagull Lake",68.26667,-145.21667,2271,2352,135,0.00515463917525773,0,0.264367816091954,5722,5076
"Seagull Lake",68.26667,-145.21667,2271,2352,140,0.0126582278481013,0,0.244444444444444,5926.5,5252
"Seagull Lake",68.26667,-145.21667,2271,2352,145,0.00790513833992095,0.00465116279069767,0.283720930232558,6140,5428
"Seagull Lake",68.26667,-145.21667,2271,2352,155,0.0134831460674157,0,0.163316582914573,6584,5780
"Seagull Lake",68.26667,-145.21667,2271,2352,160,0.0182648401826484,0.01,0.21,7236,6355
"Seagull Lake",68.26667,-145.21667,2271,2352,165,0.0192307692307692,0.00699300699300699,0.237762237762238,7863,6930
"Seagull Lake",68.26667,-145.21667,2271,2352,170,0.0138888888888889,0,0.172413793103448,8490,7505
"Seagull Lake",68.26667,-145.21667,2271,2352,175,0.0269230769230769,0,0.379912663755459,9123,8080
"Seagull Lake",68.26667,-145.21667,2271,2352,180,0.0160771704180064,0,0.244186046511628,9758.5,8655
"Seagull Lake",68.26667,-145.21667,2271,2352,185,0.0128205128205128,0.0236220472440945,0.118110236220472,10401,9230
"Seagull Lake",68.26667,-145.21667,2271,2352,190,0.0368421052631579,0.0151515151515152,0.00303030303030303,10948.5,9535
"Seagull Lake",68.26667,-145.21667,2271,2352,195,0.0564263322884013,0.0185873605947955,0.00743494423791821,11439.5,9840
"Seagull Lake",68.26667,-145.21667,2271,2352,200,0.050761421319797,0.00571428571428571,0,11895,10145
"Seagull Lake",68.26667,-145.21667,2271,2352,210,0.100502512562814,0,0,12809,10755
"Seagull Lake",68.26667,-145.21667,2271,2352,220,0.101910828025478,0.0114942528735632,0.00383141762452107,13686.5,11365
"Seagull Lake",68.26667,-145.21667,2271,2352,230,0.05,0,0,14588,11975
"Seagull Lake",68.26667,-145.21667,2271,2352,240,0.0529100529100529,0.0078740157480315,0.0078740157480315,15330,12585
"Seagull Lake",68.26667,-145.21667,2271,2352,250,0.0796019900497512,0,0.00689655172413793,16226.5,13195
"Seagull Lake",68.26667,-145.21667,2271,2352,260,0.0851063829787234,0,0,16938,13805
"Tukuto Lake",68.49686,-157.0356,10538,16238,1,0.0611439842209073,0,0.0563380281690141,502,18
"Tukuto Lake",68.49686,-157.0356,10538,16238,3,0.0379464285714286,0,0.0506329113924051,582.5,145
"Tukuto Lake",68.49686,-157.0356,10538,16238,5,0.00536193029490617,0,0.018450184501845,661.5,273
"Tukuto Lake",68.49686,-157.0356,10538,16238,7,0.0557184750733138,0,0,736,400
"Tukuto Lake",68.49686,-157.0356,10538,16238,9,0.0217864923747277,0,0.0508474576271186,810.5,528
"Tukuto Lake",68.49686,-157.0356,10538,16238,11,0.0218978102189781,0,0.0103448275862069,884,656
"Tukuto Lake",68.49686,-157.0356,10538,16238,13,0.0292397660818713,0,0.0127659574468085,959,785
"Tukuto Lake",68.49686,-157.0356,10538,16238,15,0.031390134529148,0,0.0189274447949527,1035,914
"Tukuto Lake",68.49686,-157.0356,10538,16238,17,0.0524861878453039,0,0.003584229390681,1113,1041
"Tukuto Lake",68.49686,-157.0356,10538,16238,19,0.0612244897959184,0,0.0229885057471264,1235,1170
"Tukuto Lake",68.49686,-157.0356,10538,16238,21,0.0650406504065041,0,0.0223048327137546,1338,1287
"Tukuto Lake",68.49686,-157.0356,10538,16238,23,0.0560224089635854,0,0.0179856115107914,1437.5,1393
"Tukuto Lake",68.49686,-157.0356,10538,16238,25,0.0304568527918782,0,0.00328947368421053,1540,1498
"Tukuto Lake",68.49686,-157.0356,10538,16238,27,0.0415335463258786,0,0,1639.5,1605
"Tukuto Lake",68.49686,-157.0356,10538,16238,31,0.0522388059701493,0,0,1842.5,1820
"Tukuto Lake",68.49686,-157.0356,10538,16238,34,0.0556701030927835,0,0.0165289256198347,1996.5,1982
"Tukuto Lake",68.49686,-157.0356,10538,16238,39,0.0626959247648903,0,0.0199203187250996,2234,2183
"Tukuto Lake",68.49686,-157.0356,10538,16238,44,0.0430622009569378,0,0.0425531914893617,2352,2333
"Tukuto Lake",68.49686,-157.0356,10538,16238,49,0.0691964285714286,0,0.0321637426900585,2472,2479
"Tukuto Lake",68.49686,-157.0356,10538,16238,54,0.0593220338983051,0,0.0252707581227437,2685.5,2637
"Tukuto Lake",68.49686,-157.0356,10538,16238,59,0.0784883720930233,0,0.0330578512396694,2920.5,2853
"Tukuto Lake",68.49686,-157.0356,10538,16238,64,0.0561224489795918,0,0.0648464163822526,3129.5,3069
"Tukuto Lake",68.49686,-157.0356,10538,16238,69,0.1,0,0.0259259259259259,3344,3290
"Tukuto Lake",68.49686,-157.0356,10538,16238,74,0.0728862973760933,0,0.00823045267489712,3544,3510
"Tukuto Lake",68.49686,-157.0356,10538,16238,79,0.0794701986754967,0,0.0357142857142857,3733,3729
"Tukuto Lake",68.49686,-157.0356,10538,16238,84,0.0911949685534591,0,0.026431718061674,3938,3955
"Tukuto Lake",68.49686,-157.0356,10538,16238,89,0.0451807228915663,0,0.0272373540856031,4125,4179
"Tukuto Lake",68.49686,-157.0356,10538,16238,94,0.0185567010309278,0.00284900284900285,0.0199430199430199,4332.5,4397
"Tukuto Lake",68.49686,-157.0356,10538,16238,99,0.0776699029126214,0,0.00309597523219814,4530.5,4612
"Tukuto Lake",68.49686,-157.0356,10538,16238,104,0.0569948186528497,0,0.0195439739413681,4819.5,4828
"Tukuto Lake",68.49686,-157.0356,10538,16238,109,0.0450928381962865,0,0.0323624595469256,4952,5016
"Tukuto Lake",68.49686,-157.0356,10538,16238,114,0.0298507462686567,0,0.0119331742243437,5038,5203
"Tukuto Lake",68.49686,-157.0356,10538,16238,119,0.0395778364116095,0,0.00355871886120996,5129,5388
"Tukuto Lake",68.49686,-157.0356,10538,16238,124,0.0449438202247191,0,0.0122699386503068,5396.5,5586
"Tukuto Lake",68.49686,-157.0356,10538,16238,134,0.045822102425876,0,0.0237154150197628,6926.5,6840
"Tukuto Lake",68.49686,-157.0356,10538,16238,139,0.100313479623824,0,0.0515463917525773,7696,7599
"Tukuto Lake",68.49686,-157.0356,10538,16238,144,0.0821529745042493,0,0.00836820083682008,8405,8254
"Tukuto Lake",68.49686,-157.0356,10538,16238,149,0.151724137931034,0,0.00930232558139535,8980,8753
"Tukuto Lake",68.49686,-157.0356,10538,16238,154,0.0828729281767956,0.0386740331491713,0.00552486187845304,9477,9234
"Tukuto Lake",68.49686,-157.0356,10538,16238,159,0.0985576923076923,0,0,9917,9698
"Tukuto Lake",68.49686,-157.0356,10538,16238,164,0.0947630922693267,0.00588235294117647,0.0117647058823529,10399.5,10168
"Tukuto Lake",68.49686,-157.0356,10538,16238,169,0.110410094637224,0.0111731843575419,0.00558659217877095,10927.5,10629
"Tukuto Lake",68.49686,-157.0356,10538,16238,174,0.112299465240642,0,0,11372,11104
"Tukuto Lake",68.49686,-157.0356,10538,16238,179,0.162866449511401,0.0225563909774436,0,11813.5,11577
"Tukuto Lake",68.49686,-157.0356,10538,16238,184,0.133928571428571,0,0,12285,12037
"Tukuto Lake",68.49686,-157.0356,10538,16238,189,0.158064516129032,0.00606060606060606,0,12763,12512
"Tukuto Lake",68.49686,-157.0356,10538,16238,194,0.10803324099723,0,0,13286.5,12985
"Tukuto Lake",68.49686,-157.0356,10538,16238,199,0.127450980392157,0,0,13771,13462
"Tukuto Lake",68.49686,-157.0356,10538,16238,204,0.172106824925816,0,0,14269.5,13934
"Tukuto Lake",68.49686,-157.0356,10538,16238,209,0.267123287671233,0,0,14824.5,14391
"Tukuto Lake",68.49686,-157.0356,10538,16238,214,0.200617283950617,0,0,15325.5,14836
"Tukuto Lake",68.49686,-157.0356,10538,16238,219,0.213523131672598,0,0,15441.5,15108
"Tukuto Lake",68.49686,-157.0356,10538,16238,224,0.325581395348837,0,0,15533,15333
"Tukuto Lake",68.49686,-157.0356,10538,16238,234,0.278637770897833,0,0,15716.5,15771
"Tukuto Lake",68.49686,-157.0356,10538,16238,239,0.369774919614148,0,0,15818,15999
"Tukuto Lake",68.49686,-157.0356,10538,16238,244,0.241042345276873,0,0,17041.5,16306
"Tukuto Lake",68.49686,-157.0356,10538,16238,249,0.182481751824818,0,0,18638,17561
"Tukuto Lake",68.49686,-157.0356,10538,16238,254,0.0533333333333333,0,0.181818181818182,20218.5,19110
"Tukuto Lake",68.49686,-157.0356,10538,16238,259,0.0433212996389892,0,0.0476190476190476,21768,20649
"Tukuto Lake",68.49686,-157.0356,10538,16238,264,0.0510948905109489,0,0.0869565217391304,23342.5,22186
"Tukuto Lake",68.49686,-157.0356,10538,16238,269,0.0753623188405797,0,0.0666666666666667,24892,23743
"Tukuto Lake",68.49686,-157.0356,10538,16238,274,0.089171974522293,0,0,26476,25290
"Tukuto Lake",68.49686,-157.0356,10538,16238,279,0.0742049469964664,0,0.0384615384615385,27635,26823
"Tukuto Lake",68.49686,-157.0356,10538,16238,284,0.0363636363636364,0,0,28096,27471
"Tukuto Lake",68.49686,-157.0356,10538,16238,289,0.180272108843537,0,0.0175438596491228,28551,27908
"Tukuto Lake",68.49686,-157.0356,10538,16238,294,0.0955882352941176,0,0,28935,28337
"Tukuto Lake",68.49686,-157.0356,10538,16238,329,0.104026845637584,0,0.0277777777777778,31696,31333
"Tukuto Lake",68.49686,-157.0356,10538,16238,359,0.151815181518152,0,0,34133,33917
"Tukuto Lake",68.49686,-157.0356,10538,16238,364,0.169014084507042,0,0.0192307692307692,34583,34355
"Tukuto Lake",68.49686,-157.0356,10538,16238,369,0.0980392156862745,0,0.0238095238095238,35279,34775
"Tukuto Lake",68.49686,-157.0356,10538,16238,379,0.0911949685534591,0,0,36059,35188
"Tukuto Lake",68.49686,-157.0356,10538,16238,384,0.0940438871473354,0,0,36461,35596
"Kaiyak Lake",68.15,-161.41667,1396,1432,0,0.0140845070422535,0.0164473684210526,0.0427631578947368,0,0
"Kaiyak Lake",68.15,-161.41667,1396,1432,5,0.0219298245614035,0.0113314447592068,0.0509915014164306,2693,1047
"Kaiyak Lake",68.15,-161.41667,1396,1432,10,0.0447761194029851,0.012012012012012,0.0540540540540541,3013.5,2093
"Kaiyak Lake",68.15,-161.41667,1396,1432,20,0.017353579175705,0.00302114803625378,0.0574018126888218,3860,3578
"Kaiyak Lake",68.15,-161.41667,1396,1432,30,0.0253807106598985,0.0183823529411765,0.0220588235294118,4840,4455
"Kaiyak Lake",68.15,-161.41667,1396,1432,40,0.0323325635103926,0.015625,0.03125,5820,5331
"Kaiyak Lake",68.15,-161.41667,1396,1432,50,0.0248138957816377,0.00940438871473354,0.0188087774294671,6810.5,6207
"Kaiyak Lake",68.15,-161.41667,1396,1432,57,0.018058690744921,0.0113960113960114,0.00854700854700855,7496.5,6821
"Kaiyak Lake",68.15,-161.41667,1396,1432,68,0.0197530864197531,0,0.018348623853211,8565.5,7785
"Kaiyak Lake",68.15,-161.41667,1396,1432,78,0.036231884057971,0.00303951367781155,0.0060790273556231,9114,8198
"Kaiyak Lake",68.15,-161.41667,1396,1432,88,0.0258215962441315,0.0130293159609121,0.00325732899022801,9477,8495
"Kaiyak Lake",68.15,-161.41667,1396,1432,98,0.0284237726098191,0,0.00348432055749129,9844.5,8792
"Kaiyak Lake",68.15,-161.41667,1396,1432,108,0.0177215189873418,0.00666666666666667,0.00333333333333333,11051.5,9664
"Kaiyak Lake",68.15,-161.41667,1396,1432,118,0.072992700729927,0,0,13020,11113
"Kaiyak Lake",68.15,-161.41667,1396,1432,128,0.11138014527845,0,0,14999,12562
"Kaiyak Lake",68.15,-161.41667,1396,1432,138,0.0421836228287841,0.0078125,0.00390625,16957,14010
"Kaiyak Lake",68.15,-161.41667,1396,1432,148,0.153061224489796,0,0,17865.5,14582
"Kaiyak Lake",68.15,-161.41667,1396,1432,159,0.0619469026548673,0,0,18313.5,14969
"Kaiyak Lake",68.15,-161.41667,1396,1432,169,0.0906515580736544,0.0392156862745098,0.0196078431372549,18725,15320
"Kaiyak Lake",68.15,-161.41667,1396,1432,179,0.0858585858585859,0.181818181818182,0,19158,15672
"Kaiyak Lake",68.15,-161.41667,1396,1432,189,0.0950226244343891,0.125,0,19554.5,16024
"Kaiyak Lake",68.15,-161.41667,1396,1432,200,0.0811594202898551,0.0606060606060606,0,20013.5,16411
"Kaiyak Lake",68.15,-161.41667,1396,1432,209,0.0594059405940594,0,0,20403,16728
"Kaiyak Lake",68.15,-161.41667,1396,1432,219,0.0562770562770563,0,0,20793,17080
"Kaiyak Lake",68.15,-161.41667,1396,1432,230,0.0830670926517572,0,0,21246,17467
"Kaiyak Lake",68.15,-161.41667,1396,1432,245,0.0562770562770563,0,0,21796.5,17995
"Kaiyak Lake",68.15,-161.41667,1396,1432,255,0.0436507936507936,0,0,22176,18347
"Kaiyak Lake",68.15,-161.41667,1396,1432,265,0.0579268292682927,0,0.08,22573.5,18699
"Kaiyak Lake",68.15,-161.41667,1396,1432,275,0.0491071428571429,0,0.142857142857143,22988,19051
"Kaiyak Lake",68.15,-161.41667,1396,1432,285,0.0722433460076046,0,0.0434782608695652,23346,19403
"Kaiyak Lake",68.15,-161.41667,1396,1432,295,0.00925925925925926,0,0.2,23752.5,19754
"Kaiyak Lake",68.15,-161.41667,1396,1432,305,0.0534979423868313,0,0.0625,24099,20106
"Kaiyak Lake",68.15,-161.41667,1396,1432,315,0.0950819672131148,0,0,24476,20458
"Kaiyak Lake",68.15,-161.41667,1396,1432,325,0.0687022900763359,0.107142857142857,0.107142857142857,24867,20810
"Kaiyak Lake",68.15,-161.41667,1396,1432,340,0.04296875,0.0476190476190476,0.0476190476190476,25486,21338
"Kaiyak Lake",68.15,-161.41667,1396,1432,350,0.0575916230366492,0,0.0192307692307692,26046,21690
"Kaiyak Lake",68.15,-161.41667,1396,1432,360,0.0692307692307692,0.208333333333333,0,27156.5,22647
"Kaiyak Lake",68.15,-161.41667,1396,1432,370,0.04,0,0,28073,23604
"Kaiyak Lake",68.15,-161.41667,1396,1432,380,0.0804020100502513,0.0909090909090909,0,28992,24561
"Kaiyak Lake",68.15,-161.41667,1396,1432,395,0.0288461538461538,0,0,30367,25996
"Kaiyak Lake",68.15,-161.41667,1396,1432,405,0.0414012738853503,0.214285714285714,0,31261,26953
"Kaiyak Lake",68.15,-161.41667,1396,1432,415,0.0454545454545455,0,0,32175,27910
"Kaiyak Lake",68.15,-161.41667,1396,1432,425,0.0537190082644628,0,0,33071.5,28867
"Kaiyak Lake",68.15,-161.41667,1396,1432,435,0.067741935483871,0.0540540540540541,0,33979.5,29823
"Kaiyak Lake",68.15,-161.41667,1396,1432,445,0.0717488789237668,0,0,34938.5,30780
"Kaiyak Lake",68.15,-161.41667,1396,1432,455,0.0759493670886076,0.0869565217391304,0,35892.5,31737
"Kaiyak Lake",68.15,-161.41667,1396,1432,465,0.0942760942760943,0.0701754385964912,0,36783.5,32694
"Kaiyak Lake",68.15,-161.41667,1396,1432,485,0.0446428571428571,0.0833333333333333,0,38747.5,34608
"Kaiyak Lake",68.15,-161.41667,1396,1432,495,0.0700934579439252,0,0,39725.5,35565
"Kaiyak Lake",68.15,-161.41667,1396,1432,505,0.0705521472392638,0,0.0344827586206897,40753,36522
"Kaiyak Lake",68.15,-161.41667,1396,1432,515,0.0758293838862559,0,0,42182,37478
"Kaiyak Lake",68.15,-161.41667,1396,1432,525,0.0625,0,0,42909,38435
"Kaiyak Lake",68.15,-161.41667,1396,1432,535,0.0890804597701149,0,0,43618,39392
"Niliq Lake",67.86667,-160.43333,1748,1806,7,0.0361111111111111,0,0.0601503759398496,2240,1176
"Niliq Lake",67.86667,-160.43333,1748,1806,10,0.00544959128065395,0,0.0264026402640264,2349,1680
"Niliq Lake",67.86667,-160.43333,1748,1806,20,0.0116959064327485,0,0.0290909090909091,2951.5,2794
"Niliq Lake",67.86667,-160.43333,1748,1806,30,0.0140056022408964,0,0.0137931034482759,3597,3341
"Niliq Lake",67.86667,-160.43333,1748,1806,40,0.0341614906832298,0,0.0249110320284698,4262,3888
"Niliq Lake",67.86667,-160.43333,1748,1806,50,0.0263157894736842,0,0.0185185185185185,4915.5,4435
"Niliq Lake",67.86667,-160.43333,1748,1806,60,0.0112866817155756,0,0.0161725067385445,5583,4982
"Niliq Lake",67.86667,-160.43333,1748,1806,70,0.00643086816720257,0,0.0121457489878543,6246.5,5529
"Niliq Lake",67.86667,-160.43333,1748,1806,80,0.00523560209424084,0,0.00289855072463768,6889,6076
"Niliq Lake",67.86667,-160.43333,1748,1806,85,0,0,0.00252525252525253,7257,6350
"Niliq Lake",67.86667,-160.43333,1748,1806,90,0.0180722891566265,0.00355871886120996,0,7543,6604
"Niliq Lake",67.86667,-160.43333,1748,1806,95,0.0101010101010101,0,0.00302114803625378,7808.5,6858
"Niliq Lake",67.86667,-160.43333,1748,1806,100,0.00553505535055351,0.00208333333333333,0.00208333333333333,8072,7112
"Niliq Lake",67.86667,-160.43333,1748,1806,110,0.00581395348837209,0,0,8599.5,7620
"Niliq Lake",67.86667,-160.43333,1748,1806,120,0.028328611898017,0,0.0037037037037037,9101.5,8128
"Niliq Lake",67.86667,-160.43333,1748,1806,130,0.0186915887850467,0,0,9608,8636
"Niliq Lake",67.86667,-160.43333,1748,1806,134,0.0182370820668693,0.0112994350282486,0,9820,8839
"Niliq Lake",67.86667,-160.43333,1748,1806,140,0.0308988764044944,0.00540540540540541,0.0108108108108108,10107.5,8980
"Niliq Lake",67.86667,-160.43333,1748,1806,150,0.0194174757281553,0,0,10360.5,9161
"Niliq Lake",67.86667,-160.43333,1748,1806,160,0.021978021978022,0,0.0121951219512195,10611.5,9342
"Niliq Lake",67.86667,-160.43333,1748,1806,170,0.0332409972299169,0.00980392156862745,0.00490196078431373,10865,9523
"Niliq Lake",67.86667,-160.43333,1748,1806,180,0.0544412607449857,0,0.00956937799043062,11132.5,9704
"Niliq Lake",67.86667,-160.43333,1748,1806,190,0.0498533724340176,0.0184331797235023,0,11393,9885
"Niliq Lake",67.86667,-160.43333,1748,1806,200,0.0371428571428571,0.0133928571428571,0.00446428571428571,11646,10066
"Niliq Lake",67.86667,-160.43333,1748,1806,210,0.0431034482758621,0.0265957446808511,0,11906.5,10247
"Niliq Lake",67.86667,-160.43333,1748,1806,220,0.0625,0.00458715596330275,0,12164.5,10428
"Niliq Lake",67.86667,-160.43333,1748,1806,230,0.0504451038575668,0.0375586854460094,0,12418.5,10609
"Niliq Lake",67.86667,-160.43333,1748,1806,234,0.053475935828877,0.0829268292682927,0,12524.5,10681
"Niliq Lake",67.86667,-160.43333,1748,1806,240,0.1,0.0796812749003984,0,12677,10790
"Niliq Lake",67.86667,-160.43333,1748,1806,245,0.117117117117117,0.05,0.005,12833,10880
"Niliq Lake",67.86667,-160.43333,1748,1806,250,0.0985074626865672,0.00917431192660551,0,13096,11050
"Niliq Lake",67.86667,-160.43333,1748,1806,260,0.0497076023391813,0,0,13533,11391
"Niliq Lake",67.86667,-160.43333,1748,1806,270,0.0601719197707736,0.00523560209424084,0,13994,11732
"Niliq Lake",67.86667,-160.43333,1748,1806,280,0.0535714285714286,0,0,14443.5,12073
"Niliq Lake",67.86667,-160.43333,1748,1806,290,0.0549132947976879,0,0,14886.5,12414
"Niliq Lake",67.86667,-160.43333,1748,1806,300,0.0344827586206897,0,0,15348,12755
"Niliq Lake",67.86667,-160.43333,1748,1806,310,0.106194690265487,0,0,15776,13096
"Niliq Lake",67.86667,-160.43333,1748,1806,315,0.0262390670553936,0,0,15984,13266
"Niliq Lake",67.86667,-160.43333,1748,1806,320,0.148541114058355,0,0,16194.5,13437
"Niliq Lake",67.86667,-160.43333,1748,1806,325,0.0778894472361809,0.024390243902439,0.024390243902439,16412.5,13607
"Niliq Lake",67.86667,-160.43333,1748,1806,330,0.0953757225433526,0,0.0285714285714286,16646,13778
"Niliq Lake",67.86667,-160.43333,1748,1806,338,0.139364303178484,0,0.0158730158730159,17108.5,14050
"Etivlik Lake",68.13333,-156.03333,790,811,1,0.0227920227920228,0,0.0872727272727273,2789.5,118
"Etivlik Lake",68.13333,-156.03333,790,811,5,0.00808625336927224,0,0.0952380952380952,3008.5,591
"Etivlik Lake",68.13333,-156.03333,790,811,10,0.0149253731343284,0,0.111888111888112,3269.5,1183
"Etivlik Lake",68.13333,-156.03333,790,811,20,0.0202312138728324,0,0.0888888888888889,3791,2366
"Etivlik Lake",68.13333,-156.03333,790,811,30,0.0112994350282486,0,0.0942028985507246,4340.5,3549
"Etivlik Lake",68.13333,-156.03333,790,811,40,0.0158730158730159,0.00331125827814569,0.0827814569536424,5232,4587
"Etivlik Lake",68.13333,-156.03333,790,811,50,0.00617283950617284,0.00359712230215827,0.0251798561151079,6156.5,5480
"Etivlik Lake",68.13333,-156.03333,790,811,60,0.020997375328084,0,0.0157232704402516,7074.5,6373
"Etivlik Lake",68.13333,-156.03333,790,811,70,0.00302114803625378,0,0.0141342756183746,8033.5,7267
"Etivlik Lake",68.13333,-156.03333,790,811,80,0.0148809523809524,0.0120967741935484,0.0201612903225806,9038,8160
"Etivlik Lake",68.13333,-156.03333,790,811,85,0.0134048257372654,0.00411522633744856,0.0740740740740741,9388,8354
"Etivlik Lake",68.13333,-156.03333,790,811,90,0.0145985401459854,0.00643086816720257,0.045016077170418,9637,8548
"Etivlik Lake",68.13333,-156.03333,790,811,95,0.0334645669291339,0.0108695652173913,0.0108695652173913,9910.5,8742
"Etivlik Lake",68.13333,-156.03333,790,811,100,0.0524590163934426,0.0558139534883721,0.00465116279069767,10167.5,8937
"Etivlik Lake",68.13333,-156.03333,790,811,110,0.0564971751412429,0,0,10702,9325
"Etivlik Lake",68.13333,-156.03333,790,811,120,0.0457142857142857,0.0269058295964126,0,11214.5,9713
"Etivlik Lake",68.13333,-156.03333,790,811,130,0.0919881305637982,0,0,11739,10101
"Etivlik Lake",68.13333,-156.03333,790,811,140,0.0512820512820513,0,0,12260.5,10490
"Etivlik Lake",68.13333,-156.03333,790,811,150,0.056379821958457,0,0,12795,10878
"Etivlik Lake",68.13333,-156.03333,790,811,190,0.045016077170418,0,0,14826.5,12431
"Etivlik Lake",68.13333,-156.03333,790,811,200,0.0440097799511002,0,0.00495049504950495,15337,12819
"Etivlik Lake",68.13333,-156.03333,790,811,220,0.0647249190938511,0,0.00666666666666667,16369,13596
"Etivlik Lake",68.13333,-156.03333,790,811,230,0.0648967551622419,0,0.0075187969924812,17166.5,13984
"Headwaters Lake",67.93333,-155.05,992,1024,0,0.0296052631578947,0,0.0821256038647343,0,0
"Headwaters Lake",67.93333,-155.05,992,1024,4,0.0482315112540193,0,0.0649350649350649,2486.5,257
"Headwaters Lake",67.93333,-155.05,992,1024,12,0.0333333333333333,0,0.0769230769230769,2659.5,745
"Headwaters Lake",67.93333,-155.05,992,1024,20,0.0402684563758389,0,0.0720338983050847,2819,1199
"Headwaters Lake",67.93333,-155.05,992,1024,34,0.0440677966101695,0,0.0611353711790393,3083.5,1923
"Headwaters Lake",67.93333,-155.05,992,1024,46,0.0292207792207792,0,0.047008547008547,3285.5,2479
"Headwaters Lake",67.93333,-155.05,992,1024,54,0.027027027027027,0,0.0546218487394958,3426,2820
"Headwaters Lake",67.93333,-155.05,992,1024,66,0.0163934426229508,0,0.0509803921568627,3656.5,3296
"Headwaters Lake",67.93333,-155.05,992,1024,74,0.0317460317460317,0,0.0541666666666667,3904.5,3593
"Headwaters Lake",67.93333,-155.05,992,1024,82,0.0198675496688742,0,0.0781893004115226,4211,3875
"Headwaters Lake",67.93333,-155.05,992,1024,94,0.0253164556962025,0,0.0518518518518519,4680,4279
"Headwaters Lake",67.93333,-155.05,992,1024,102,0.0128205128205128,0,0.0116279069767442,4988.5,4538
"Headwaters Lake",67.93333,-155.05,992,1024,110,0.0133779264214047,0,0.0436507936507937,5298,4792
"Headwaters Lake",67.93333,-155.05,992,1024,118,0.0133333333333333,0,0.0277777777777778,5609.5,5043
"Headwaters Lake",67.93333,-155.05,992,1024,130,0.0130718954248366,0,0.0502092050209205,6074,5420
"Headwaters Lake",67.93333,-155.05,992,1024,142,0.0159235668789809,0,0.0220588235294118,6544.5,5806
"Headwaters Lake",67.93333,-155.05,992,1024,150,0.0125,0,0.00359712230215827,6860,6071
"Headwaters Lake",67.93333,-155.05,992,1024,162,0.00977198697068404,0,0.0247349823321555,7328,6489
"Headwaters Lake",67.93333,-155.05,992,1024,170,0.0228758169934641,0,0.00409836065573771,7626.5,6784
"Headwaters Lake",67.93333,-155.05,992,1024,182,0.0324675324675325,0,0.02,8412,7257
"Headwaters Lake",67.93333,-155.05,992,1024,190,0.0304054054054054,0,0.00873362445414847,8948.5,7596
"Headwaters Lake",67.93333,-155.05,992,1024,198,0.0466666666666667,0,0,9484.5,7958
"Headwaters Lake",67.93333,-155.05,992,1024,206,0.0426229508196721,0.0155038759689922,0,10021.5,8345
"Headwaters Lake",67.93333,-155.05,992,1024,218,0.0160771704180064,0,0,10825,8976
"Headwaters Lake",67.93333,-155.05,992,1024,226,0.0462046204620462,0,0,11365,9435
"Headwaters Lake",67.93333,-155.05,992,1024,234,0.0687285223367698,0,0,11900,9928
"Headwaters Lake",67.93333,-155.05,992,1024,242,0.0730897009966777,0,0,12436.5,10457
"Headwaters Lake",67.93333,-155.05,992,1024,250,0.0385852090032154,0,0,12970,11024
"Headwaters Lake",67.93333,-155.05,992,1024,258,0.123333333333333,0,0,13490,11631
"Headwaters Lake",67.93333,-155.05,992,1024,262,0.217687074829932,0.0357142857142857,0,13720.5,11951
"Redondo Lake",67.68333,-155.03333,1974,2047,0,0.0231788079470199,0,0.0706713780918728,0,2
"Redondo Lake",67.68333,-155.03333,1974,2047,3,0.0178571428571429,0,0.0298013245033113,634,165
"Redondo Lake",67.68333,-155.03333,1974,2047,6,0.0216049382716049,0,0.0574324324324324,740.5,328
"Redondo Lake",67.68333,-155.03333,1974,2047,9,0.0126984126984127,0,0.052434456928839,845,500
"Redondo Lake",67.68333,-155.03333,1974,2047,12,0.0219435736677116,0,0.0676691729323308,955.5,672
"Redondo Lake",67.68333,-155.03333,1974,2047,15,0.0126984126984127,0,0.108614232209738,1057.5,846
"Redondo Lake",67.68333,-155.03333,1974,2047,18,0.0208333333333333,0,0.0657894736842105,1163,1019
"Redondo Lake",67.68333,-155.03333,1974,2047,21,0.0173160173160173,0,0.111627906976744,1270,1190
"Redondo Lake",67.68333,-155.03333,1974,2047,24,0.0114613180515759,0,0.0729483282674772,1374,1359
"Redondo Lake",67.68333,-155.03333,1974,2047,27,0.00974025974025974,0.00338983050847458,0.0203389830508475,1507,1517
"Redondo Lake",67.68333,-155.03333,1974,2047,33,0.0192926045016077,0,0.0505415162454874,1776.5,1802
"Redondo Lake",67.68333,-155.03333,1974,2047,39,0.00313479623824451,0,0.04,2060,2083
"Redondo Lake",67.68333,-155.03333,1974,2047,48,0.0256410256410256,0,0.024390243902439,2493.5,2511
"Redondo Lake",67.68333,-155.03333,1974,2047,60,0.00668896321070234,0,0,3068,3082
"Redondo Lake",67.68333,-155.03333,1974,2047,66,0.0301003344481605,0.003584229390681,0.028673835125448,3352,3365
"Redondo Lake",67.68333,-155.03333,1974,2047,72,0.00925925925925926,0,0.0551724137931034,3639,3636
"Redondo Lake",67.68333,-155.03333,1974,2047,84,0.00952380952380952,0,0.0032258064516129,4197,4201
"Redondo Lake",67.68333,-155.03333,1974,2047,96,0.00579710144927536,0,0.00892857142857143,5015,4529
"Redondo Lake",67.68333,-155.03333,1974,2047,102,0.0184049079754601,0,0.0459016393442623,5650.5,4808
"Redondo Lake",67.68333,-155.03333,1974,2047,108,0.00958466453674121,0,0.00324675324675325,6296,5086
"Redondo Lake",67.68333,-155.03333,1974,2047,120,0.01875,0,0.0465116279069767,7601.5,5625
"Redondo Lake",67.68333,-155.03333,1974,2047,126,0.00315457413249211,0,0.0169491525423729,8288.5,5894
"Redondo Lake",67.68333,-155.03333,1974,2047,129,0.028125,0,0.0202702702702703,8566,6030
"Redondo Lake",67.68333,-155.03333,1974,2047,132,0.0185758513931889,0,0.0160771704180064,8929,6163
"Redondo Lake",67.68333,-155.03333,1974,2047,138,0.0313479623824451,0,0.00641025641025641,9573,6434
"Screaming Yellowlegs Pond",67.58333,-151.41667,2270,2351,0,0.0089086859688196,0,0.153266331658291,0,530
"Screaming Yellowlegs Pond",67.58333,-151.41667,2270,2351,7,0.0197693574958814,0.00189393939393939,0.15719696969697,1831,987
"Screaming Yellowlegs Pond",67.58333,-151.41667,2270,2351,19,0.0315581854043393,0.00229357798165138,0.197247706422018,2268,1795
"Screaming Yellowlegs Pond",67.58333,-151.41667,2270,2351,28,0.0297297297297297,0.00593471810089021,0.148367952522255,2598.5,2375
"Screaming Yellowlegs Pond",67.58333,-151.41667,2270,2351,38,0.0229445506692161,0,0.0995575221238938,3129.5,3100
"Screaming Yellowlegs Pond",67.58333,-151.41667,2270,2351,48,0.00684931506849315,0.0018796992481203,0.184210526315789,3827,3827
"Screaming Yellowlegs Pond",67.58333,-151.41667,2270,2351,58,0.0135363790186125,0,0.0748175182481752,4535.5,4540
"Screaming Yellowlegs Pond",67.58333,-151.41667,2270,2351,68,0.00536672629695885,0,0.0849056603773585,5219.5,5255
"Screaming Yellowlegs Pond",67.58333,-151.41667,2270,2351,78,0.0147679324894515,0,0.0423162583518931,6047,5965
"Screaming Yellowlegs Pond",67.58333,-151.41667,2270,2351,88,0.00892857142857143,0,0.0398126463700234,6576.5,6582
"Screaming Yellowlegs Pond",67.58333,-151.41667,2270,2351,93,0.014344262295082,0.00643776824034335,0.0622317596566524,6845,6869
"Screaming Yellowlegs Pond",67.58333,-151.41667,2270,2351,98,0.00967741935483871,0,0.0423011844331641,7111,7155
"Screaming Yellowlegs Pond",67.58333,-151.41667,2270,2351,103,0.0116618075801749,0,0.0588235294117647,7384,7433
"Screaming Yellowlegs Pond",67.58333,-151.41667,2270,2351,108,0.019672131147541,0,0.0817843866171004,7641,7708
"Screaming Yellowlegs Pond",67.58333,-151.41667,2270,2351,112,0.0130718954248366,0.00505050505050505,0.166666666666667,7849,7919
"Screaming Yellowlegs Pond",67.58333,-151.41667,2270,2351,115,0.0141843971631206,0,0.16,8022.5,8072
"Screaming Yellowlegs Pond",67.58333,-151.41667,2270,2351,120,0.031055900621118,0.0387323943661972,0.176056338028169,8258,8329
"Screaming Yellowlegs Pond",67.58333,-151.41667,2270,2351,125,0.0292887029288703,0.00240384615384615,0.204326923076923,8422,8489
"Screaming Yellowlegs Pond",67.58333,-151.41667,2270,2351,130,0.00359712230215827,0.0149812734082397,0.198501872659176,8583,8650
"Screaming Yellowlegs Pond",67.58333,-151.41667,2270,2351,135,0.0581717451523546,0.00357142857142857,0.0821428571428572,8752.5,8854
"Screaming Yellowlegs Pond",67.58333,-151.41667,2270,2351,140,0.0130718954248366,0.021505376344086,0.010752688172043,9311,9061
"Screaming Yellowlegs Pond",67.58333,-151.41667,2270,2351,150,0.0617977528089888,0.0273037542662116,0.00341296928327645,10487,10290
"Screaming Yellowlegs Pond",67.58333,-151.41667,2270,2351,160,0.078125,0.0811808118081181,0,11355.5,11274
"Screaming Yellowlegs Pond",67.58333,-151.41667,2270,2351,170,0.0538922155688623,0.119909502262443,0,11648.5,11600
"Screaming Yellowlegs Pond",67.58333,-151.41667,2270,2351,180,0.0638297872340425,0.110726643598616,0,11925,11927
"Screaming Yellowlegs Pond",67.58333,-151.41667,2270,2351,190,0.0615141955835962,0.0300884955752212,0,12285,12239
"Screaming Yellowlegs Pond",67.58333,-151.41667,2270,2351,200,0.140883977900552,0,0,12491.5,12481
"Screaming Yellowlegs Pond",67.58333,-151.41667,2270,2351,212,0.0450236966824645,0,0,12737,12780
"Screaming Yellowlegs Pond",67.58333,-151.41667,2270,2351,220,0.0494791666666667,0,0,12901.5,12983
"Screaming Yellowlegs Pond",67.58333,-151.41667,2270,2351,230,0.0538243626062323,0,0,13371,13251
"Screaming Yellowlegs Pond",67.58333,-151.41667,2270,2351,240,0.0213776722090261,0,0,14120,13934
"Screaming Yellowlegs Pond",67.58333,-151.41667,2270,2351,250,0.077834179357022,0,0,14846,14663
"Screaming Yellowlegs Pond",67.58333,-151.41667,2270,2351,260,0.125211505922166,0,0,15588.5,14663
"Screaming Yellowlegs Pond",67.58333,-151.41667,2270,2351,270,0.236363636363636,0,0,15993.5,15372
"Screaming Yellowlegs Pond",67.58333,-151.41667,2270,2351,280,0.194174757281553,0,0,16401.5,16063
"Screaming Yellowlegs Pond",67.58333,-151.41667,2270,2351,290,0.242524916943522,0,0.0123456790123457,16806,16749
"Screaming Yellowlegs Pond",67.58333,-151.41667,2270,2351,300,0.176079734219269,0,0.0547945205479452,17221,17441
"Sakana Lake",67.43333,-147.85,2245,2324,2,0.0463576158940397,0,0.289398280802292,4144,227
"Sakana Lake",67.43333,-147.85,2245,2324,10,0.0300751879699248,0,0.101010101010101,4442.5,1136
"Sakana Lake",67.43333,-147.85,2245,2324,20,0.0219512195121951,0.00282485875706215,0.34180790960452,4804.5,2271
"Sakana Lake",67.43333,-147.85,2245,2324,30,0.0303030303030303,0,0.339130434782609,5208,3407
"Sakana Lake",67.43333,-147.85,2245,2324,40,0.0207792207792208,0,0.474431818181818,5596.5,4542
"Sakana Lake",67.43333,-147.85,2245,2324,50,0.016,0,0.32183908045977,6051,5308
"Sakana Lake",67.43333,-147.85,2245,2324,70,0.0194444444444444,0,0.300595238095238,6901,6098
"Sakana Lake",67.43333,-147.85,2245,2324,80,0.00550964187327824,0,0.234957020057307,7323.5,6492
"Sakana Lake",67.43333,-147.85,2245,2324,90,0.0349127182044888,0,0.293296089385475,7912.5,7018
"Sakana Lake",67.43333,-147.85,2245,2324,100,0.025,0,0.341296928327645,8597.5,7674
"Sakana Lake",67.43333,-147.85,2245,2324,105,0.0302325581395349,0,0.232189973614776,8934,8002
"Sakana Lake",67.43333,-147.85,2245,2324,110,0.0331491712707182,0.00308641975308642,0.037037037037037,9308,8330
"Sakana Lake",67.43333,-147.85,2245,2324,115,0.115492957746479,0.0501567398119122,0,9541,8482
"Sakana Lake",67.43333,-147.85,2245,2324,125,0.170087976539589,0.0404040404040404,0,9939,8786
"Sakana Lake",67.43333,-147.85,2245,2324,135,0.105095541401274,0.205035971223022,0,10343.5,9091
"Sakana Lake",67.43333,-147.85,2245,2324,145,0.0970873786407767,0.107438016528926,0.00413223140495868,10736,9395
"Sakana Lake",67.43333,-147.85,2245,2324,155,0.116822429906542,0.46078431372549,0.00490196078431373,11120.5,9699
"Sakana Lake",67.43333,-147.85,2245,2324,200,0.170520231213873,0.199288256227758,0.00711743772241993,12877,11069
"Sakana Lake",67.43333,-147.85,2245,2324,255,0.151898734177215,0,0,15211,12742
"Sakana Lake",67.43333,-147.85,2245,2324,265,0.0903954802259887,0,0,15601.5,13046
"Redstone Lake",67.25,-152.6,1977,2050,0,0.00934579439252336,0,0.151515151515152,0,0
"Redstone Lake",67.25,-152.6,1977,2050,5,0.00323624595469256,0,0.0748031496062992,6190.5,371
"Redstone Lake",67.25,-152.6,1977,2050,15,0.00332225913621262,0,0.110687022900763,6306,1114
"Redstone Lake",67.25,-152.6,1977,2050,20,0.00964630225080386,0,0.113074204946996,6376.5,1485
"Redstone Lake",67.25,-152.6,1977,2050,30,0.0231788079470199,0.0078740157480315,0.102362204724409,6492.5,2227
"Redstone Lake",67.25,-152.6,1977,2050,40,0.00986842105263158,0,0.0775193798449612,6604.5,2969
"Redstone Lake",67.25,-152.6,1977,2050,55,0.00920245398773006,0.0154440154440154,0.0733590733590734,6767,4083
"Redstone Lake",67.25,-152.6,1977,2050,65,0.0137931034482759,0,0.0934959349593496,6883,4825
"Redstone Lake",67.25,-152.6,1977,2050,80,0.00970873786407767,0,0.0648854961832061,7082.5,5939
"Redstone Lake",67.25,-152.6,1977,2050,90,0.00649350649350649,0,0.043956043956044,7332,6420
"Redstone Lake",67.25,-152.6,1977,2050,105,0.00967741935483871,0,0.0245614035087719,7635,6750
"Redstone Lake",67.25,-152.6,1977,2050,115,0.00917431192660551,0,0.0197368421052632,7836,6970
"Redstone Lake",67.25,-152.6,1977,2050,125,0,0,0.0211267605633803,8034.5,7190
"Redstone Lake",67.25,-152.6,1977,2050,135,0.00946372239747634,0,0.0215827338129496,8203.5,7410
"Redstone Lake",67.25,-152.6,1977,2050,145,0.00324675324675325,0,0.0181818181818182,8391,7630
"Redstone Lake",67.25,-152.6,1977,2050,155,0.00647249190938511,0,0.0464285714285714,8626.5,7850
"Redstone Lake",67.25,-152.6,1977,2050,160,0.0117302052785924,0,0.035031847133758,8756.5,7892
"Redstone Lake",67.25,-152.6,1977,2050,165,0.00967741935483871,0,0.107438016528926,8849.5,7933
"Redstone Lake",67.25,-152.6,1977,2050,170,0.0253968253968254,0,0.0539568345323741,8912,7975
"Redstone Lake",67.25,-152.6,1977,2050,175,0.0162866449511401,0,0.07421875,8979.5,8017
"Redstone Lake",67.25,-152.6,1977,2050,180,0.00328947368421053,0.00408163265306122,0.0285714285714286,9031,8059
"Redstone Lake",67.25,-152.6,1977,2050,190,0.0297029702970297,0.004149377593361,0.024896265560166,9162.5,8142
"Redstone Lake",67.25,-152.6,1977,2050,200,0.0126182965299685,0.00390625,0.046875,9279,8225
"Redstone Lake",67.25,-152.6,1977,2050,210,0.0164473684210526,0.00826446280991736,0.0289256198347107,9378.5,8309
"Redstone Lake",67.25,-152.6,1977,2050,230,0.0337837837837838,0.0358565737051793,0.00398406374501992,9594.5,8476
"Redstone Lake",67.25,-152.6,1977,2050,255,0.0468227424749164,0.110619469026549,0,9853,8684
"Redstone Lake",67.25,-152.6,1977,2050,280,0.156351791530945,0.00917431192660551,0,10092,8893
"Redstone Lake",67.25,-152.6,1977,2050,305,0.128712871287129,0,0.00497512437810945,10356.5,9101
"Redstone Lake",67.25,-152.6,1977,2050,330,0.0404040404040404,0.0091324200913242,0,10613.5,9310
"Redstone Lake",67.25,-152.6,1977,2050,355,0.0341296928327645,0,0,10894,9518
"Redstone Lake",67.25,-152.6,1977,2050,380,0.0610169491525424,0,0,11149.5,9727
"Redstone Lake",67.25,-152.6,1977,2050,405,0.0702875399361022,0.00881057268722467,0,11422.5,9935
"Redstone Lake",67.25,-152.6,1977,2050,425,0.0766666666666667,0.0043859649122807,0,11617,10102
"Redstone Lake",67.25,-152.6,1977,2050,455,0.0679611650485437,0,0,11899,10352
"Redstone Lake",67.25,-152.6,1977,2050,480,0.0271186440677966,0,0,12139,10561
"Redstone Lake",67.25,-152.6,1977,2050,505,0.0936454849498328,0.00446428571428571,0,12408.5,10769
"Redstone Lake",67.25,-152.6,1977,2050,530,0.102389078498294,0,0,12646.5,10978
"Redstone Lake",67.25,-152.6,1977,2050,555,0.11371237458194,0.0397727272727273,0,12925,11186
"Redstone Lake",67.25,-152.6,1977,2050,605,0.111888111888112,0,0.00598802395209581,13483,11603
"Redstone Lake",67.25,-152.6,1977,2050,625,0.181818181818182,0.03125,0,13769.5,11770
"Redstone Lake",67.25,-152.6,1977,2050,650,0.194871794871795,0.0833333333333333,0,14246,11978
"Redstone Lake",67.25,-152.6,1977,2050,680,0.185929648241206,0,0.0212765957446809,14617,12229
"Redstone Lake",67.25,-152.6,1977,2050,700,0.333333333333333,0.0142857142857143,0,14862,12396
"Redstone Lake",67.25,-152.6,1977,2050,730,0.157360406091371,0.0277777777777778,0,15221,12646
"Redstone Lake",67.25,-152.6,1977,2050,775,0.2,0.0408163265306122,0.0408163265306122,15725,13021
"Redstone Lake",67.25,-152.6,1977,2050,800,0.183673469387755,0.0930232558139535,0,16008.5,13230
"Redstone Lake",67.25,-152.6,1977,2050,825,0.0993788819875776,0,0.04,16304,13438
"Redstone Lake",67.25,-152.6,1977,2050,850,0.0876288659793814,0.125,0,16575,13647
"Redstone Lake",67.25,-152.6,1977,2050,875,0.0721649484536082,0.0555555555555556,0,16825,13855
"Redstone Lake",67.25,-152.6,1977,2050,900,0.0479452054794521,0,0.133333333333333,17111,14064
"Xindi Lake",67.110754,-152.492202,10102,15189,0,0.018348623853211,0.00247524752475248,0.735148514851485,-53,-53
"Xindi Lake",67.110754,-152.492202,10102,15189,4,0.0160550458715596,0,0.267379679144385,847.5,358
"Xindi Lake",67.110754,-152.492202,10102,15189,8,0.00806451612903226,0,0.257990867579909,1003.5,776
"Xindi Lake",67.110754,-152.492202,10102,15189,12,0.0169014084507042,0,0.174193548387097,1364,1364
"Xindi Lake",67.110754,-152.492202,10102,15189,16,0.0187353629976581,0.00256410256410256,0.205128205128205,2084,2124
"Xindi Lake",67.110754,-152.492202,10102,15189,20,0.019680196801968,0.0106524633821571,0.241011984021305,2825.5,2876
"Xindi Lake",67.110754,-152.492202,10102,15189,24,0.0168067226890756,0,0.220543806646526,3555,3586
"Xindi Lake",67.110754,-152.492202,10102,15189,28,0.0127551020408163,0.00824175824175824,0.167582417582418,4328.5,4461
"Xindi Lake",67.110754,-152.492202,10102,15189,32,0.00704225352112676,0,0.16243654822335,5168,5072
"Xindi Lake",67.110754,-152.492202,10102,15189,36,0.0152905198776758,0,0.139837398373984,5431,5341
"Xindi Lake",67.110754,-152.492202,10102,15189,40,0.00950570342205323,0.00407331975560081,0.105906313645621,5535,5525
"Xindi Lake",67.110754,-152.492202,10102,15189,42.5,0.0153964588144727,0.00160642570281124,0.0409638554216867,5615.5,5700
"Xindi Lake",67.110754,-152.492202,10102,15189,44.5,0.0071301247771836,0.00770712909441233,0.0500963391136801,5868,5841
"Xindi Lake",67.110754,-152.492202,10102,15189,46.5,0.00441826215022091,0.00309119010819165,0.0401854714064915,6137,6080
"Xindi Lake",67.110754,-152.492202,10102,15189,48,0.0252100840336134,0,0.0480549199084668,6334,6283
"Xindi Lake",67.110754,-152.492202,10102,15189,50.5,0.013355592654424,0.0125673249551167,0.0215439856373429,6661,6619
"Xindi Lake",67.110754,-152.492202,10102,15189,52.5,0.0206378986866792,0.00440528634361233,0.0748898678414097,6958,6894
"Xindi Lake",67.110754,-152.492202,10102,15189,54.5,0.0465549348230912,0.00210084033613445,0.0840336134453781,7168.5,7166
"Xindi Lake",67.110754,-152.492202,10102,15189,56.5,0.0146198830409357,0.0132450331125828,0.132450331125828,7374,7404
"Xindi Lake",67.110754,-152.492202,10102,15189,58.5,0.104265402843602,0.0865724381625442,0.00530035335689046,7605,7629
"Xindi Lake",67.110754,-152.492202,10102,15189,60.5,0.0902527075812274,0.0961145194274029,0.00204498977505112,7826.5,7850
"Xindi Lake",67.110754,-152.492202,10102,15189,62.5,0.118320610687023,0.139959432048682,0,8070.5,8072
"Xindi Lake",67.110754,-152.492202,10102,15189,64.5,0.101485148514851,0.152406417112299,0,8308,8297
"Xindi Lake",67.110754,-152.492202,10102,15189,66.5,0.119140625,0.0967032967032967,0,8536.5,8522
"Xindi Lake",67.110754,-152.492202,10102,15189,68.5,0.0923566878980892,0.215277777777778,0,8766,8751
"Xindi Lake",67.110754,-152.492202,10102,15189,70.5,0.141065830721003,0.198606271777003,0,8983.5,8979
"Xindi Lake",67.110754,-152.492202,10102,15189,72.5,0.0971867007672634,0.166163141993958,0,9207,9210
"Xindi Lake",67.110754,-152.492202,10102,15189,74.5,0.0762195121951219,0.10472972972973,0,9429,9442
"Xindi Lake",67.110754,-152.492202,10102,15189,76.5,0.098159509202454,0.13745704467354,0,9645,9676
"Xindi Lake",67.110754,-152.492202,10102,15189,80.5,0.0785907859078591,0.140350877192982,0,10109,10150
"Xindi Lake",67.110754,-152.492202,10102,15189,82.5,0.119186046511628,0.111111111111111,0,10347,10380
"Xindi Lake",67.110754,-152.492202,10102,15189,84.5,0.152,0.0385852090032154,0,10590.5,10609
"Xindi Lake",67.110754,-152.492202,10102,15189,86.5,0.206388206388206,0.0479452054794521,0,10876,10741
"Xindi Lake",67.110754,-152.492202,10102,15189,87,0.164733178654292,0.023972602739726,0,10902,10766
"Xindi Lake",67.110754,-152.492202,10102,15189,88.5,0.226890756302521,0,0,10958.5,10840
"Xindi Lake",67.110754,-152.492202,10102,15189,89.5,0.180451127819549,0.0135135135135135,0,10991.5,10887
"Xindi Lake",67.110754,-152.492202,10102,15189,90.5,0.244252873563218,0,0,11020,10928
"Xindi Lake",67.110754,-152.492202,10102,15189,91.5,0.161835748792271,0.00363636363636364,0,11045.5,10963
"Xindi Lake",67.110754,-152.492202,10102,15189,92.5,0.0524781341107872,0,0,11071,10998
"Xindi Lake",67.110754,-152.492202,10102,15189,93.5,0.0759878419452888,0.00396825396825397,0,11095,11032
"Xindi Lake",67.110754,-152.492202,10102,15189,94.5,0.0504731861198738,0.00380228136882129,0,11119,11067
"Xindi Lake",67.110754,-152.492202,10102,15189,96.5,0.0589970501474926,0,0,11164,11136
"Xindi Lake",67.110754,-152.492202,10102,15189,98.5,0.109756097560976,0,0,11217,11203
"Xindi Lake",67.110754,-152.492202,10102,15189,100.5,0.0526315789473684,0,0,11263,11270
"Xindi Lake",67.110754,-152.492202,10102,15189,102,0.0726256983240224,0,0,11296,11322
"Xindi Lake",67.110754,-152.492202,10102,15189,105,0.0922619047619048,0,0,11363,11424
"Xindi Lake",67.110754,-152.492202,10102,15189,108,0.0755287009063444,0,0,11428.5,11524
"Xindi Lake",67.110754,-152.492202,10102,15189,111,0.0612813370473538,0,0,11497,11625
"Xindi Lake",67.110754,-152.492202,10102,15189,114,0.0384615384615385,0,0.0118343195266272,11567,11725
"Xindi Lake",67.110754,-152.492202,10102,15189,117,0.0881542699724518,0,0,11645,11829
"Xindi Lake",67.110754,-152.492202,10102,15189,119.5,0.0523255813953488,0,0,11716,11916
"Xindi Lake",67.110754,-152.492202,10102,15189,127.5,0.0574162679425837,0,0,12057,12197
"Xindi Lake",67.110754,-152.492202,10102,15189,135.5,0.046831955922865,0,0.00319488817891374,12431,12502
"Xindi Lake",67.110754,-152.492202,10102,15189,139.5,0.0676470588235294,0,0,12572,12662
"Xindi Lake",67.110754,-152.492202,10102,15189,143.5,0.0455927051671733,0,0,12705,12820
"Xindi Lake",67.110754,-152.492202,10102,15189,147.5,0.0321637426900585,0,0,12845.5,12976
"Xindi Lake",67.110754,-152.492202,10102,15189,155.5,0.0473372781065089,0,0,13110,13293
"Xindi Lake",67.110754,-152.492202,10102,15189,163.5,0.0625,0,0,13389,13611
"Xindi Lake",67.110754,-152.492202,10102,15189,187.5,0.0514469453376206,0.00452488687782805,0,14728.5,14428
"Xindi Lake",67.110754,-152.492202,10102,15189,191.5,0.0288184438040346,0,0,14910,14602
"Xindi Lake",67.110754,-152.492202,10102,15189,209.5,0.210862619808307,0,0.0277777777777778,15687,15361
"Xindi Lake",67.110754,-152.492202,10102,15189,229.5,0.238853503184713,0,0.0128205128205128,16514.5,16197
"Xindi Lake",67.110754,-152.492202,10102,15189,249.5,0.264984227129338,0,0.0555555555555556,17371,17032
"Xindi Lake",67.110754,-152.492202,10102,15189,269.5,0.225806451612903,0,0.051948051948052,18221.5,17867
"Ranger Lake",67.14722,-153.65,1955,2025,0,0.0274390243902439,0,0.20979020979021,0,0
"Ranger Lake",67.14722,-153.65,1955,2025,10,0.0176056338028169,0.00865800865800866,0.186147186147186,1613,303
"Ranger Lake",67.14722,-153.65,1955,2025,20,0.00625,0,0.227272727272727,1704,607
"Ranger Lake",67.14722,-153.65,1955,2025,30,0.00338983050847458,0,0.205240174672489,1792,910
"Ranger Lake",67.14722,-153.65,1955,2025,40,0.00821917808219178,0,0.191637630662021,1878,1214
"Ranger Lake",67.14722,-153.65,1955,2025,50,0.0033112582781457,0,0.176470588235294,1967,1517
"Ranger Lake",67.14722,-153.65,1955,2025,65,0.00628930817610063,0,0.276119402985075,2111.5,1972
"Ranger Lake",67.14722,-153.65,1955,2025,75,0.0151515151515152,0,0.183150183150183,2303.5,2268
"Ranger Lake",67.14722,-153.65,1955,2025,80,0.00966183574879227,0.00284900284900285,0.205128205128205,2464.5,2404
"Ranger Lake",67.14722,-153.65,1955,2025,85,0.0137362637362637,0,0.156666666666667,2632,2540
"Ranger Lake",67.14722,-153.65,1955,2025,100,0.00302114803625378,0,0.2,3139,2949
"Ranger Lake",67.14722,-153.65,1955,2025,110,0.0263157894736842,0,0.124528301886792,3474,3221
"Ranger Lake",67.14722,-153.65,1955,2025,120,0.00323624595469256,0,0.26953125,3820,3493
"Ranger Lake",67.14722,-153.65,1955,2025,130,0.0145348837209302,0.0105263157894737,0.196491228070175,4162.5,3766
"Ranger Lake",67.14722,-153.65,1955,2025,150,0.00316455696202532,0,0.211538461538462,4781,4267
"Ranger Lake",67.14722,-153.65,1955,2025,160,0.0106157112526539,0,0.164141414141414,5063.5,4504
"Ranger Lake",67.14722,-153.65,1955,2025,170,0.012779552715655,0,0.125475285171103,5348,4741
"Ranger Lake",67.14722,-153.65,1955,2025,190,0.0128205128205128,0,0.0871080139372822,5917,5216
"Ranger Lake",67.14722,-153.65,1955,2025,200,0.00996677740863787,0,0.0909090909090909,6195.5,5453
"Ranger Lake",67.14722,-153.65,1955,2025,210,0.00548446069469835,0,0.118143459915612,6482,5690
"Ranger Lake",67.14722,-153.65,1955,2025,220,0.00641025641025641,0,0.034965034965035,6760,5952
"Ranger Lake",67.14722,-153.65,1955,2025,230,0.00920245398773006,0,0.0392857142857143,7028,6213
"Ranger Lake",67.14722,-153.65,1955,2025,240,0.00162337662337662,0,0.0616822429906542,7298.5,6475
"Ranger Lake",67.14722,-153.65,1955,2025,250,0,0,0.0107142857142857,7564,6737
"Ranger Lake",67.14722,-153.65,1955,2025,260,0.0254777070063694,0,0.0434782608695652,7819,6998
"Ranger Lake",67.14722,-153.65,1955,2025,270,0.0214067278287462,0.00434782608695652,0.0391304347826087,8100.5,7260
"Ranger Lake",67.14722,-153.65,1955,2025,280,0.0215384615384615,0,0.037037037037037,8974,7928
"Ranger Lake",67.14722,-153.65,1955,2025,290,0.0229508196721311,0.00383141762452107,0.0191570881226054,9841,8596
"Ranger Lake",67.14722,-153.65,1955,2025,300,0.067741935483871,0.037037037037037,0,10719,9264
"Ranger Lake",67.14722,-153.65,1955,2025,310,0.0993788819875776,0.0122950819672131,0,11606,9932
"Ranger Lake",67.14722,-153.65,1955,2025,320,0.0380952380952381,0,0,12499.5,10600
"Ranger Lake",67.14722,-153.65,1955,2025,330,0.0620915032679739,0.00436681222707424,0,12679.5,11273
"Ranger Lake",67.14722,-153.65,1955,2025,340,0.0736040609137056,0,0.00416666666666667,12784,11947
"Ranger Lake",67.14722,-153.65,1955,2025,350,0.0691823899371069,0.0188679245283019,0,12886,12620
"Ranger Lake",67.14722,-153.65,1955,2025,360,0.151219512195122,0,0.0303030303030303,12995.5,13293
"Ranger Lake",67.14722,-153.65,1955,2025,370,0.183168316831683,0.0238095238095238,0,13116,13967
"Ranger Lake",67.14722,-153.65,1955,2025,380,0.207070707070707,0,0,13222.5,14640
"Ranger Lake",67.14722,-153.65,1955,2025,390,0.0985221674876847,0,0.0357142857142857,13354.5,15313
"Ranger Lake",67.14722,-153.65,1955,2025,400,0.177664974619289,0,0,13481.5,15987
"Ranger Lake",67.14722,-153.65,1955,2025,410,0.140096618357488,0,0,13588.5,16660
"Ranger Lake",67.14722,-153.65,1955,2025,420,0.166666666666667,0.075,0,13685.5,17333
"Ranger Lake",67.14722,-153.65,1955,2025,430,0.204878048780488,0.1,0,13797.5,18007
"Ranger Lake",67.14722,-153.65,1955,2025,440,0.0703517587939698,0,0.04,13922,18680
"Ranger Lake",67.14722,-153.65,1955,2025,450,0.173076923076923,0,0.0263157894736842,14028.5,19353
"Ranger Lake",67.14722,-153.65,1955,2025,460,0.173267326732673,0,0,14134,20027
"Ranger Lake",67.14722,-153.65,1955,2025,470,0.128888888888889,0,0.0444444444444444,14257.5,20700
"Ranger Lake",67.14722,-153.65,1955,2025,490,0.112244897959184,0.148148148148148,0,14501.5,22047
"Ranger Lake",67.14722,-153.65,1955,2025,500,0.0927835051546392,0.0740740740740741,0.037037037037037,14619.5,22720
"Ranger Lake",67.14722,-153.65,1955,2025,510,0.0882352941176471,0,0.148148148148148,14673.5,23393
"Ranger Lake",67.14722,-153.65,1955,2025,525,0.108695652173913,0,0.0444444444444444,14811,24403
"Ranger Lake",67.14722,-153.65,1955,2025,535,0.112820512820513,0,0.0769230769230769,14905.5,25077
"Ranger Lake",67.14722,-153.65,1955,2025,545,0.108910891089109,0.0344827586206897,0.0344827586206897,15000.5,25750
"Ranger Lake",67.14722,-153.65,1955,2025,555,0.0341463414634146,0,0.125,15069,26423
"Ranger Lake",67.14722,-153.65,1955,2025,575,0.0900900900900901,0.0540540540540541,0.027027027027027,15291,27770
"Ranger Lake",67.14722,-153.65,1955,2025,585,0.0714285714285714,0.0267857142857143,0,15399.5,28443
"Ranger Lake",67.14722,-153.65,1955,2025,590,0.00946372239747634,0.00819672131147541,0.0286885245901639,15432.5,28780
"Ranger Lake",67.14722,-153.65,1955,2025,595,0.00550964187327824,0,0.0638977635782748,15484.5,29117
"Ranger Lake",67.14722,-153.65,1955,2025,600,0.00617283950617284,0,0.0482758620689655,15536.5,29453
"Ranger Lake",67.14722,-153.65,1955,2025,605,0.00244498777506112,0.00290697674418605,0.061046511627907,15596.5,29790
"Ranger Lake",67.14722,-153.65,1955,2025,610,0.00307692307692308,0,0.0394265232974911,15636.5,30127
"Angal Lake",67.13333,-153.9,207,208,0,0.013745704467354,0.00408163265306122,0.183673469387755,0,0
"Angal Lake",67.13333,-153.9,207,208,6,0,0,0.155102040816327,1522.5,333
"Angal Lake",67.13333,-153.9,207,208,12,0.0155763239875389,0,0.135531135531136,1876.5,672
"Angal Lake",67.13333,-153.9,207,208,18,0.00327868852459016,0,0.0991735537190083,2261,1017
"Angal Lake",67.13333,-153.9,207,208,27,0.0154798761609907,0,0.2,2775,1546
"Angal Lake",67.13333,-153.9,207,208,33,0.0154320987654321,0,0.14336917562724,3140.5,1905
"Angal Lake",67.13333,-153.9,207,208,39,0.00917431192660551,0,0.0925266903914591,3483.5,2271
"Angal Lake",67.13333,-153.9,207,208,45,0.0194174757281553,0,0.14453125,3825.5,2643
"Angal Lake",67.13333,-153.9,207,208,51,0.00613496932515337,0.00336700336700337,0.144781144781145,4227,3020
"Angal Lake",67.13333,-153.9,207,208,57,0.0122324159021407,0,0.145907473309609,4570.5,3404
"Angal Lake",67.13333,-153.9,207,208,63,0.0105540897097625,0,0.170658682634731,4886,3793
"Angal Lake",67.13333,-153.9,207,208,69,0.00943396226415094,0.00364963503649635,0.127737226277372,5228,4189
"Angal Lake",67.13333,-153.9,207,208,75,0.00983606557377049,0.003690036900369,0.173431734317343,5619.5,4590
"Angal Lake",67.13333,-153.9,207,208,81,0.018018018018018,0,0.140350877192982,5957.5,4997
"Angal Lake",67.13333,-153.9,207,208,87,0.00306748466257669,0.00353356890459364,0.148409893992933,6355,5411
"Angal Lake",67.13333,-153.9,207,208,93,0.00651465798045603,0.00738007380073801,0.118081180811808,6729,5830
"Angal Lake",67.13333,-153.9,207,208,102,0.00928792569659443,0.00340136054421769,0.0918367346938775,7512,6470
"Angal Lake",67.13333,-153.9,207,208,105,0.00164473684210526,0,0.0653357531760436,7690.5,6686
"Angal Lake",67.13333,-153.9,207,208,108,0.00323624595469256,0,0.0596491228070175,7867,6904
"Angal Lake",67.13333,-153.9,207,208,114,0.00630914826498423,0,0.0374149659863946,8211,7344
"Angal Lake",67.13333,-153.9,207,208,117,0.00210526315789474,0,0.0301624129930394,8383,7566
"Angal Lake",67.13333,-153.9,207,208,120,0.0196078431372549,0,0.014336917562724,8556.5,7789
"Angal Lake",67.13333,-153.9,207,208,126,0.0232558139534884,0,0.0230769230769231,8933,8241
"Angal Lake",67.13333,-153.9,207,208,129,0.00248756218905473,0,0.0689655172413793,9383,8469
"Angal Lake",67.13333,-153.9,207,208,132,0.020066889632107,0,0.0987124463519313,9717.5,8699
"Angal Lake",67.13333,-153.9,207,208,138,0.0344827586206897,0,0.0956521739130435,10365,9163
"Angal Lake",67.13333,-153.9,207,208,141,0.016025641025641,0,0.0844444444444445,10716.5,9397
"Angal Lake",67.13333,-153.9,207,208,147,0.0440251572327044,0.0193798449612403,0.00775193798449612,11385.5,9869
"Angal Lake",67.13333,-153.9,207,208,153,0.0811688311688312,0.0476190476190476,0,12075,10348
"Angal Lake",67.13333,-153.9,207,208,159,0.1,0.0514018691588785,0,12723.5,10832
"Angal Lake",67.13333,-153.9,207,208,165,0.113207547169811,0.08,0,13359,11323
"Angal Lake",67.13333,-153.9,207,208,171,0.0491803278688525,0.00490196078431373,0,13976,11819
"Angal Lake",67.13333,-153.9,207,208,177,0.0493421052631579,0,0,14664,12321
"Angal Lake",67.13333,-153.9,207,208,183,0.0353697749196141,0.00858369098712446,0,15342.5,12830
"Angal Lake",67.13333,-153.9,207,208,189,0.158415841584158,0.027027027027027,0,16013.5,13344
"Angal Lake",67.13333,-153.9,207,208,195,0.138755980861244,0.0571428571428571,0.0285714285714286,17013,13864
"Angal Lake",67.13333,-153.9,207,208,198,0.118811881188119,0.0303030303030303,0.0303030303030303,17376.5,14126
"Ruppert Lake",67.06667,-154.23333,2232,2311,10,0.0128617363344051,0,0.305555555555556,1516,657
"Ruppert Lake",67.06667,-154.23333,2232,2311,15,0.0267558528428094,0.0142348754448399,0.234875444839858,1564.5,986
"Ruppert Lake",67.06667,-154.23333,2232,2311,20,0.0127388535031847,0.003584229390681,0.225806451612903,1627,1314
"Ruppert Lake",67.06667,-154.23333,2232,2311,25,0.0206489675516224,0,0.371621621621622,1700,1643
"Ruppert Lake",67.06667,-154.23333,2232,2311,30,0.0107238605898123,0,0.302670623145401,1849,1908
"Ruppert Lake",67.06667,-154.23333,2232,2311,35,0.0134228187919463,0,0.239583333333333,2056.5,2078
"Ruppert Lake",67.06667,-154.23333,2232,2311,40,0.00643086816720257,0.00342465753424658,0.291095890410959,2264.5,2248
"Ruppert Lake",67.06667,-154.23333,2232,2311,45,0.00550964187327824,0,0.298136645962733,2475.5,2418
"Ruppert Lake",67.06667,-154.23333,2232,2311,76,0.00906344410876133,0,0.336633663366337,3759,3472
"Ruppert Lake",67.06667,-154.23333,2232,2311,80,0.00261780104712042,0,0.185185185185185,3924,3608
"Ruppert Lake",67.06667,-154.23333,2232,2311,85,0,0,0.224025974025974,4246.5,3854
"Ruppert Lake",67.06667,-154.23333,2232,2311,90,0.00307692307692308,0.00324675324675325,0.256493506493506,4698.5,4213
"Ruppert Lake",67.06667,-154.23333,2232,2311,95,0.012779552715655,0,0.200692041522491,5154,4572
"Ruppert Lake",67.06667,-154.23333,2232,2311,100,0.00307692307692308,0,0.228956228956229,5606,4931
"Ruppert Lake",67.06667,-154.23333,2232,2311,105,0.0133779264214047,0.00694444444444444,0.100694444444444,5941,5197
"Ruppert Lake",67.06667,-154.23333,2232,2311,110,0,0,0.0675675675675676,6111,5370
"Ruppert Lake",67.06667,-154.23333,2232,2311,115,0.00983606557377049,0.00359712230215827,0.0323741007194245,6288,5544
"Ruppert Lake",67.06667,-154.23333,2232,2311,125,0.00595238095238095,0,0.0248447204968944,6649.5,5891
"Ruppert Lake",67.06667,-154.23333,2232,2311,135,0.00649350649350649,0,0.0172413793103448,7005,6238
"Ruppert Lake",67.06667,-154.23333,2232,2311,140,0.00625,0,0.0102040816326531,7182.5,6412
"Ruppert Lake",67.06667,-154.23333,2232,2311,145,0.00952380952380952,0.00350877192982456,0.00701754385964912,7358.5,6586
"Ruppert Lake",67.06667,-154.23333,2232,2311,150,0.0412698412698413,0.023121387283237,0.109826589595376,7541,6759
"Ruppert Lake",67.06667,-154.23333,2232,2311,155,0.0174825174825175,0.0113207547169811,0.0264150943396226,7721,6933
"Ruppert Lake",67.06667,-154.23333,2232,2311,160,0.0194174757281553,0.00374531835205993,0.052434456928839,7900.5,7106
"Ruppert Lake",67.06667,-154.23333,2232,2311,165,0.0498338870431894,0.0161943319838057,0.0850202429149798,8079.5,7280
"Ruppert Lake",67.06667,-154.23333,2232,2311,168,0.027355623100304,0.00389105058365759,0.0505836575875486,8187,7380
"Ruppert Lake",67.06667,-154.23333,2232,2311,170,0.04,0,0.0149253731343284,8256,7448
"Ruppert Lake",67.06667,-154.23333,2232,2311,178,0.00626959247648903,0.0114942528735632,0.0459770114942529,8532,7716
"Ruppert Lake",67.06667,-154.23333,2232,2311,180,0.0255591054313099,0.00357142857142857,0.0107142857142857,8605,7782
"Ruppert Lake",67.06667,-154.23333,2232,2311,181,0.00515463917525773,0.0157232704402516,0.0817610062893082,8636.5,7816
"Ruppert Lake",67.06667,-154.23333,2232,2311,182,0.0195121951219512,0,0.175141242937853,8671.5,7850
"Ruppert Lake",67.06667,-154.23333,2232,2311,185,0.043731778425656,0,0.126760563380282,8802,7950
"Ruppert Lake",67.06667,-154.23333,2232,2311,187,0.0228758169934641,0,0.125490196078431,8896,8001
"Ruppert Lake",67.06667,-154.23333,2232,2311,190,0.032258064516129,0.00732600732600733,0.0183150183150183,8999.5,8079
"Ruppert Lake",67.06667,-154.23333,2232,2311,195,0.0806451612903226,0,0.00763358778625954,9155.5,8207
"Ruppert Lake",67.06667,-154.23333,2232,2311,205,0.0473186119873817,0.0176056338028169,0.0176056338028169,9466.5,8465
"Ruppert Lake",67.06667,-154.23333,2232,2311,215,0.067741935483871,0.0622837370242215,0.0103806228373702,9786.5,8722
"Ruppert Lake",67.06667,-154.23333,2232,2311,235,0.0699588477366255,0.0394088669950739,0.00985221674876847,10420,9237
"Ruppert Lake",67.06667,-154.23333,2232,2311,240,0,0.169675090252708,0.0036101083032491,10587.5,9366
"Ruppert Lake",67.06667,-154.23333,2232,2311,245,0.073482428115016,0.135416666666667,0,10747,9495
"Ruppert Lake",67.06667,-154.23333,2232,2311,255,0.132013201320132,0.270175438596491,0,11069,9752
"Ruppert Lake",67.06667,-154.23333,2232,2311,265,0.0909090909090909,0.394557823129252,0,11388.5,10010
"Ruppert Lake",67.06667,-154.23333,2232,2311,276,0.161184210526316,0.339222614840989,0,11740.5,10293
"Ruppert Lake",67.06667,-154.23333,2232,2311,285,0.0836120401337793,0.254032258064516,0,12024,10514
"Ruppert Lake",67.06667,-154.23333,2232,2311,295,0.227722772277228,0.0277777777777778,0,12336,10755
"Ruppert Lake",67.06667,-154.23333,2232,2311,315,0.0960264900662252,0,0,12969.5,11236
"Ruppert Lake",67.06667,-154.23333,2232,2311,325,0.04375,0,0,13279.5,11477
"Ruppert Lake",67.06667,-154.23333,2232,2311,345,0.142857142857143,0,0.00854700854700855,13901.5,11958
"Ruppert Lake",67.06667,-154.23333,2232,2311,360,0.112211221122112,0,0,14356,12320
"Ruppert Lake",67.06667,-154.23333,2232,2311,380,0.0477707006369427,0,0,14829,12607
"Ruppert Lake",67.06667,-154.23333,2232,2311,385,0.0803858520900322,0,0,14905,12650
"Ruppert Lake",67.06667,-154.23333,2232,2311,390,0.179401993355482,0,0,14981,12693
"Ruppert Lake",67.06667,-154.23333,2232,2311,395,0.20873786407767,0,0.0208333333333333,15058.5,12736
"Ruppert Lake",67.06667,-154.23333,2232,2311,400,0.233009708737864,0,0.02,15124,12779
"Ruppert Lake",67.06667,-154.23333,2232,2311,425,0.145,0,0.0588235294117647,15499,12994
"Minakokosa Lake",66.91667,-155.03333,1699,1755,10,0.0119402985074627,0,0.387205387205387,3058.5,476
"Minakokosa Lake",66.91667,-155.03333,1699,1755,20,0.002710027100271,0.00302114803625378,0.314199395770393,3344.5,952
"Minakokosa Lake",66.91667,-155.03333,1699,1755,30,0.0100671140939597,0.00735294117647059,0.330882352941176,3570.5,1427
"Minakokosa Lake",66.91667,-155.03333,1699,1755,40,0.00943396226415094,0,0.280519480519481,3830.5,1903
"Minakokosa Lake",66.91667,-155.03333,1699,1755,50,0.0106100795755968,0,0.284883720930233,4046.5,2379
"Minakokosa Lake",66.91667,-155.03333,1699,1755,60,0.0125786163522013,0,0.299295774647887,4259,2855
"Minakokosa Lake",66.91667,-155.03333,1699,1755,70,0.0229885057471264,0,0.296529968454259,4510,3331
"Minakokosa Lake",66.91667,-155.03333,1699,1755,80,0.0132978723404255,0.00574712643678161,0.359195402298851,4747.5,3806
"Minakokosa Lake",66.91667,-155.03333,1699,1755,90,0.0304878048780488,0.00964630225080386,0.244372990353698,4973.5,4282
"Minakokosa Lake",66.91667,-155.03333,1699,1755,100,0.0238095238095238,0.0115942028985507,0.327536231884058,5312,4612
"Minakokosa Lake",66.91667,-155.03333,1699,1755,110,0.00611620795107034,0,0.162068965517241,5517.5,4797
"Minakokosa Lake",66.91667,-155.03333,1699,1755,120,0.0152905198776758,0,0.0567375886524823,5714,4981
"Minakokosa Lake",66.91667,-155.03333,1699,1755,130,0.0114942528735632,0,0.301204819277108,5921.5,5166
"Minakokosa Lake",66.91667,-155.03333,1699,1755,140,0.0276073619631902,0.00350877192982456,0.140350877192982,6118.5,5350
"Minakokosa Lake",66.91667,-155.03333,1699,1755,150,0.0174418604651163,0.00625,0.25,6304,5535
"Minakokosa Lake",66.91667,-155.03333,1699,1755,160,0.00738916256157635,0.010840108401084,0.24390243902439,6523.5,5720
"Minakokosa Lake",66.91667,-155.03333,1699,1755,170,0.00775193798449612,0,0.133704735376045,6713,5904
"Minakokosa Lake",66.91667,-155.03333,1699,1755,180,0.00797872340425532,0.00286532951289398,0.180515759312321,6904.5,6089
"Minakokosa Lake",66.91667,-155.03333,1699,1755,190,0.0124610591900312,0,0.0750853242320819,7088.5,6273
"Minakokosa Lake",66.91667,-155.03333,1699,1755,200,0.00898203592814371,0,0.0280373831775701,7285,6458
"Minakokosa Lake",66.91667,-155.03333,1699,1755,210,0.0190023752969121,0,0.0706521739130435,7477.5,6642
"Minakokosa Lake",66.91667,-155.03333,1699,1755,230,0.0174563591022444,0.00589970501474926,0.135693215339233,7870,7011
"Minakokosa Lake",66.91667,-155.03333,1699,1755,240,0.0156739811912226,0.00735294117647059,0.0588235294117647,8067,7196
"Minakokosa Lake",66.91667,-155.03333,1699,1755,250,0.0141242937853107,0,0.158730158730159,8259,7380
"Minakokosa Lake",66.91667,-155.03333,1699,1755,260,0.0392156862745098,0.029535864978903,0.0675105485232067,8452,7565
"Minakokosa Lake",66.91667,-155.03333,1699,1755,270,0,0.00316455696202532,0.0316455696202532,8650,7750
"Minakokosa Lake",66.91667,-155.03333,1699,1755,280,0.0246153846153846,0.0176678445229682,0.0918727915194346,8845.5,7934
"Minakokosa Lake",66.91667,-155.03333,1699,1755,290,0.0132275132275132,0,0.130434782608696,9050.5,8119
"Minakokosa Lake",66.91667,-155.03333,1699,1755,300,0.048048048048048,0.0305343511450382,0.049618320610687,9250.5,8303
"Minakokosa Lake",66.91667,-155.03333,1699,1755,310,0.0414012738853503,0.0197628458498024,0.0592885375494071,9448,8488
"Minakokosa Lake",66.91667,-155.03333,1699,1755,320,0.0376175548589342,0.0117647058823529,0.176470588235294,9799,8729
"Minakokosa Lake",66.91667,-155.03333,1699,1755,340,0.0743034055727554,0.0264150943396226,0.237735849056604,10587.5,9324
"Minakokosa Lake",66.91667,-155.03333,1699,1755,350,0.0588235294117647,0.0733590733590734,0.0501930501930502,10972,9621
"Minakokosa Lake",66.91667,-155.03333,1699,1755,360,0.131964809384164,0.0501930501930502,0.0115830115830116,11515.5,9951
"Minakokosa Lake",66.91667,-155.03333,1699,1755,370,0.128279883381924,0.124,0.02,12005,10312
"Minakokosa Lake",66.91667,-155.03333,1699,1755,380,0.148264984227129,0.16875,0,12463,10673
"Minakokosa Lake",66.91667,-155.03333,1699,1755,400,0.190615835777126,0.206572769953052,0,13411,11396
"Minakokosa Lake",66.91667,-155.03333,1699,1755,410,0.166666666666667,0.0882352941176471,0.00735294117647059,13884,11757
"Minakokosa Lake",66.91667,-155.03333,1699,1755,420,0.219584569732938,0.0197368421052632,0,14367.5,12119
"Minakokosa Lake",66.91667,-155.03333,1699,1755,430,0.0557103064066852,0.0747126436781609,0,14851.5,12480
"Minakokosa Lake",66.91667,-155.03333,1699,1755,440,0.16,0.0427807486631016,0,15321.5,12841
"Minakokosa Lake",66.91667,-155.03333,1699,1755,450,0.0900621118012422,0.0393258426966292,0.0168539325842697,15801,13203
"Minakokosa Lake",66.91667,-155.03333,1699,1755,460,0.1125,0.00561797752808989,0,16262,13564
"Minakokosa Lake",66.91667,-155.03333,1699,1755,470,0.143283582089552,0,0.00641025641025641,16735,13925
"Minakokosa Lake",66.91667,-155.03333,1699,1755,480,0.135313531353135,0.0466666666666667,0.00666666666666667,17215.5,14287
"Minakokosa Lake",66.91667,-155.03333,1699,1755,490,0.088135593220339,0.137254901960784,0.0196078431372549,17700.5,14648
"Minakokosa Lake",66.91667,-155.03333,1699,1755,500,0.082018927444795,0.0441176470588235,0.0294117647058824,18169,15009
"Minakokosa Lake",66.91667,-155.03333,1699,1755,510,0.133720930232558,0.232323232323232,0.0202020202020202,18692,15211
"Minakokosa Lake",66.91667,-155.03333,1699,1755,540,0.136075949367089,0.0476190476190476,0.0952380952380952,19530,15335
"Minakokosa Lake",66.91667,-155.03333,1699,1755,560,0.157738095238095,0,0.0317460317460317,20051.5,15418
"Minakokosa Lake",66.91667,-155.03333,1699,1755,600,0.119402985074627,0,0.0645161290322581,21112,15585
"Minakokosa Lake",66.91667,-155.03333,1699,1755,620,0.111428571428571,0,0.0588235294117647,21603.5,15668
"Minakokosa Lake",66.91667,-155.03333,1699,1755,640,0.0771704180064309,0,0.108108108108108,22060,15751
"Minakokosa Lake",66.91667,-155.03333,1699,1755,665,0.0810810810810811,0,0.113636363636364,22665.5,15855
"Minakokosa Lake",66.91667,-155.03333,1699,1755,700,0.118226600985222,0,0.0789473684210526,23557,16000
"Kollioksak Lake",66.96667,-156.45,1503,1541,20,0.019774011299435,0,0.0721003134796238,2149,1693
"Kollioksak Lake",66.96667,-156.45,1503,1541,30,0.024,0,0.0855457227138643,2588,2540
"Kollioksak Lake",66.96667,-156.45,1503,1541,40,0.0124740124740125,0,0.0318181818181818,2826,2703
"Kollioksak Lake",66.96667,-156.45,1503,1541,50,0.0198019801980198,0.00269541778975741,0.113207547169811,3023.5,2866
"Kollioksak Lake",66.96667,-156.45,1503,1541,60,0.00255754475703325,0,0.100529100529101,3218,3030
"Kollioksak Lake",66.96667,-156.45,1503,1541,70,0.0136986301369863,0,0.164670658682635,3407.5,3193
"Kollioksak Lake",66.96667,-156.45,1503,1541,80,0.00602409638554217,0,0.0718954248366013,3605,3356
"Kollioksak Lake",66.96667,-156.45,1503,1541,90,0.0144508670520231,0.00318471337579618,0.0955414012738853,3809,3519
"Kollioksak Lake",66.96667,-156.45,1503,1541,100,0.0027027027027027,0,0.054380664652568,3997.5,3682
"Kollioksak Lake",66.96667,-156.45,1503,1541,110,0.00477326968973747,0,0.224747474747475,4197,3846
"Kollioksak Lake",66.96667,-156.45,1503,1541,120,0,0,0.196078431372549,4389,4009
"Kollioksak Lake",66.96667,-156.45,1503,1541,130,0.00546448087431694,0,0.0534124629080119,4579.5,4172
"Kollioksak Lake",66.96667,-156.45,1503,1541,140,0.0171428571428571,0.00314465408805031,0.10062893081761,4775.5,4335
"Kollioksak Lake",66.96667,-156.45,1503,1541,150,0.00512820512820513,0.00275482093663912,0.115702479338843,4967,4498
"Kollioksak Lake",66.96667,-156.45,1503,1541,160,0.0157894736842105,0,0.0811594202898551,5161.5,4662
"Kollioksak Lake",66.96667,-156.45,1503,1541,170,0.0076530612244898,0.00273972602739726,0.0712328767123288,5353.5,4825
"Kollioksak Lake",66.96667,-156.45,1503,1541,180,0.0218579234972678,0,0.0235294117647059,5550,4988
"Kollioksak Lake",66.96667,-156.45,1503,1541,190,0.00649350649350649,0,0.0680272108843537,5746.5,5151
"Kollioksak Lake",66.96667,-156.45,1503,1541,200,0.00742574257425743,0.0026246719160105,0.089238845144357,5936,5314
"Kollioksak Lake",66.96667,-156.45,1503,1541,210,0.00199203187250996,0,0.0602150537634409,6129,5478
"Kollioksak Lake",66.96667,-156.45,1503,1541,220,0.00925925925925926,0.00983606557377049,0.0491803278688525,6323,5641
"Kollioksak Lake",66.96667,-156.45,1503,1541,230,0.00323624595469256,0.0347222222222222,0.0972222222222222,6517.5,5804
"Kollioksak Lake",66.96667,-156.45,1503,1541,240,0.00496277915632754,0.0210526315789474,0.0736842105263158,6709,5967
"Kollioksak Lake",66.96667,-156.45,1503,1541,250,0.0139211136890951,0,0.0740740740740741,6900,6130
"Kollioksak Lake",66.96667,-156.45,1503,1541,260,0,0,0.0257879656160458,7097.5,6294
"Kollioksak Lake",66.96667,-156.45,1503,1541,270,0,0,0.0461538461538462,7293,6457
"Kollioksak Lake",66.96667,-156.45,1503,1541,280,0.0101010101010101,0,0.0452127659574468,7507,6620
"Kollioksak Lake",66.96667,-156.45,1503,1541,290,0.00563380281690141,0,0.0174927113702624,7765,6838
"Kollioksak Lake",66.96667,-156.45,1503,1541,300,0.0120772946859903,0,0.0267379679144385,8008,7057
"Kollioksak Lake",66.96667,-156.45,1503,1541,310,0.010989010989011,0.0062111801242236,0.0031055900621118,8254,7275
"Kollioksak Lake",66.96667,-156.45,1503,1541,320,0.00443458980044346,0,0.00961538461538462,8499,7494
"Kollioksak Lake",66.96667,-156.45,1503,1541,330,0.0097799511002445,0,0.0155440414507772,8746.5,7712
"Kollioksak Lake",66.96667,-156.45,1503,1541,340,0.00996677740863787,0,0.014336917562724,8990,7930
"Kollioksak Lake",66.96667,-156.45,1503,1541,350,0.0141509433962264,0,0.0100502512562814,9228,8149
"Kollioksak Lake",66.96667,-156.45,1503,1541,360,0.00564971751412429,0.0031055900621118,0.0279503105590062,9469,8367
"Kollioksak Lake",66.96667,-156.45,1503,1541,370,0.00522193211488251,0,0.010989010989011,9712,8586
"Kollioksak Lake",66.96667,-156.45,1503,1541,380,0.0145348837209302,0.00318471337579618,0.00636942675159236,9950,8804
"Kollioksak Lake",66.96667,-156.45,1503,1541,390,0.0197628458498024,0,0.0157303370786517,10189,9022
"Kollioksak Lake",66.96667,-156.45,1503,1541,400,0.0179640718562874,0,0.012396694214876,10424,9241
"Kollioksak Lake",66.96667,-156.45,1503,1541,405,0.0759162303664921,0.0631970260223048,0.00371747211895911,10566,9350
"Kollioksak Lake",66.96667,-156.45,1503,1541,410,0.0263157894736842,0.0292397660818713,0.0146198830409357,11389,9949
"Kollioksak Lake",66.96667,-156.45,1503,1541,420,0.0190217391304348,0.0123456790123457,0.0339506172839506,13034.5,11146
"Kollioksak Lake",66.96667,-156.45,1503,1541,430,0.036231884057971,0.00293255131964809,0.0117302052785924,14648,12344
"Kollioksak Lake",66.96667,-156.45,1503,1541,440,0.0416666666666667,0.0212121212121212,0.00909090909090909,16261.5,13541
"Kollioksak Lake",66.96667,-156.45,1503,1541,445,0.0412371134020619,0,0.0333333333333333,17125.5,14140
"Kollioksak Lake",66.96667,-156.45,1503,1541,450,0.105413105413105,0.024896265560166,0,17538,14739
"Kollioksak Lake",66.96667,-156.45,1503,1541,453,0.0407608695652174,0.0147058823529412,0.0183823529411765,17688.5,15098
"Joe Lake",66.76667,-157.21667,1355,1390,0,0.0150602409638554,0.00335570469798658,0.157718120805369,0,0
"Joe Lake",66.76667,-157.21667,1355,1390,10,0.0241691842900302,0.00371747211895911,0.0631970260223048,3402,715
"Joe Lake",66.76667,-157.21667,1355,1390,20,0.0200501253132832,0,0.0962099125364431,3888,1430
"Joe Lake",66.76667,-157.21667,1355,1390,30,0.0111111111111111,0,0.110749185667752,4289,2145
"Joe Lake",66.76667,-157.21667,1355,1390,40,0.0118343195266272,0,0.0668896321070234,4742,2860
"Joe Lake",66.76667,-157.21667,1355,1390,50,0.0214797136038186,0,0.105121293800539,5252,3574
"Joe Lake",66.76667,-157.21667,1355,1390,60,0.0173913043478261,0,0.0510204081632653,5724,4289
"Joe Lake",66.76667,-157.21667,1355,1390,70,0.0140845070422535,0,0.098159509202454,6191,5004
"Joe Lake",66.76667,-157.21667,1355,1390,80,0.0188679245283019,0.003125,0.04375,6651.5,5719
"Joe Lake",66.76667,-157.21667,1355,1390,85,0.00920245398773006,0,0.0104529616724739,6907,6314
"Joe Lake",66.76667,-157.21667,1355,1390,90,0.0143884892086331,0.00802139037433155,0.0106951871657754,7410,7860
"Joe Lake",66.76667,-157.21667,1355,1390,95,0.00278551532033426,0,0.00964630225080386,7881,8086
"Joe Lake",66.76667,-157.21667,1355,1390,100,0.00884955752212389,0,0.00689655172413793,8350,8311
"Joe Lake",66.76667,-157.21667,1355,1390,105,0.0125391849529781,0,0.0036101083032491,8817.5,8537
"Joe Lake",66.76667,-157.21667,1355,1390,110,0.0276073619631902,0.0152091254752852,0.00760456273764259,9284,8763
"Joe Lake",66.76667,-157.21667,1355,1390,115,0.0536723163841808,0.0163934426229508,0.00409836065573771,9755,8989
"Joe Lake",66.76667,-157.21667,1355,1390,120,0.0422960725075529,0.00847457627118644,0.0127118644067797,10224,9214
"Joe Lake",66.76667,-157.21667,1355,1390,130,0.0687960687960688,0.00316455696202532,0.0126582278481013,10816,9492
"Joe Lake",66.76667,-157.21667,1355,1390,140,0.0501392757660167,0.027027027027027,0.0154440154440154,11007,9598
"Joe Lake",66.76667,-157.21667,1355,1390,150,0.0568181818181818,0.0183823529411765,0.00735294117647059,11172.5,9702
"Joe Lake",66.76667,-157.21667,1355,1390,160,0.0343007915567282,0.029940119760479,0.0329341317365269,11323.5,9808
"Joe Lake",66.76667,-157.21667,1355,1390,170,0.0554156171284635,0.0599369085173502,0.00630914826498423,11475,9912
"Joe Lake",66.76667,-157.21667,1355,1390,180,0.0845771144278607,0.0790273556231003,0.00303951367781155,11641,10018
"Joe Lake",66.76667,-157.21667,1355,1390,190,0.120588235294118,0.174418604651163,0,11804.5,10122
"Joe Lake",66.76667,-157.21667,1355,1390,200,0.14025974025974,0.274021352313167,0.00355871886120996,11956,10228
"Joe Lake",66.76667,-157.21667,1355,1390,210,0.0977011494252874,0.251908396946565,0.00381679389312977,12103,10332
"Joe Lake",66.76667,-157.21667,1355,1390,220,0.119402985074627,0.09765625,0,12285,10438
"Joe Lake",66.76667,-157.21667,1355,1390,230,0.182089552238806,0.0580912863070539,0,12602,10570
"Joe Lake",66.76667,-157.21667,1355,1390,240,0.217765042979943,0,0,12783.5,10730
"Joe Lake",66.76667,-157.21667,1355,1390,250,0.10410094637224,0,0,12973,10889
"Joe Lake",66.76667,-157.21667,1355,1390,260,0.0526315789473684,0.00854700854700855,0,13168,11049
"Joe Lake",66.76667,-157.21667,1355,1390,270,0.100558659217877,0,0,13365,11208
"Joe Lake",66.76667,-157.21667,1355,1390,280,0.078740157480315,0,0.00462962962962963,13541,11368
"Joe Lake",66.76667,-157.21667,1355,1390,290,0.0690476190476191,0,0,13731.5,11528
"Joe Lake",66.76667,-157.21667,1355,1390,300,0.0524017467248908,0,0.0154639175257732,13919.5,11687
"Joe Lake",66.76667,-157.21667,1355,1390,310,0.0610932475884244,0,0.00490196078431373,14112,11847
"Joe Lake",66.76667,-157.21667,1355,1390,320,0.0467706013363029,0,0.0043859649122807,14287,12007
"Joe Lake",66.76667,-157.21667,1355,1390,330,0.0841836734693878,0.00505050505050505,0,14470.5,12166
"Joe Lake",66.76667,-157.21667,1355,1390,340,0.0916230366492147,0.00716845878136201,0,14669.5,12326
"Joe Lake",66.76667,-157.21667,1355,1390,350,0.0875,0.00469483568075117,0.00469483568075117,14843.5,12486
"Joe Lake",66.76667,-157.21667,1355,1390,360,0.065625,0,0,15040.5,12645
"Joe Lake",66.76667,-157.21667,1355,1390,370,0.203960396039604,0,0.00598802395209581,15306.5,12862
"Joe Lake",66.76667,-157.21667,1355,1390,380,0.163784333672431,0,0,15891.5,13249
"Joe Lake",66.76667,-157.21667,1355,1390,390,0.160747663551402,0,0.0224719101123596,16433,13637
"Joe Lake",66.76667,-157.21667,1355,1390,400,0.0943025540275049,0.00947867298578199,0.0663507109004739,16985,14024
"Joe Lake",66.76667,-157.21667,1355,1390,410,0.105065666041276,0.0454545454545454,0.0303030303030303,17530.5,14397
"Joe Lake",66.76667,-157.21667,1355,1390,420,0.0901960784313725,0,0.025,18295.5,15638
"Joe Lake",66.76667,-157.21667,1355,1390,430,0.048828125,0,0.0212765957446809,19130.5,17754
"Joe Lake",66.76667,-157.21667,1355,1390,440,0.0479846449136276,0,0.016260162601626,19907,19870
"Joe Lake",66.76667,-157.21667,1355,1390,450,0.0359848484848485,0,0.0075187969924812,20704,21986
"Joe Lake",66.76667,-157.21667,1355,1390,460,0.0481481481481481,0,0.032,21432.5,24102
"Joe Lake",66.76667,-157.21667,1355,1390,470,0.0480274442538593,0,0.0196078431372549,22137.5,25280
"Joe Lake",66.76667,-157.21667,1355,1390,490,0.0675944333996024,0,0.0062111801242236,23585.5,25760
"Joe Lake",66.76667,-157.21667,1355,1390,500,0.0985915492957746,0,0.0140845070422535,24345,26000
"Joe Lake",66.76667,-157.21667,1355,1390,510,0.0591397849462366,0,0.00625,25077,26522
"Joe Lake",66.76667,-157.21667,1355,1390,520,0.0785854616895874,0,0.0151515151515152,25804.5,27043
"Joe Lake",66.76667,-157.21667,1355,1390,530,0.0576540755467197,0,0.016,26395.5,27565
"Joe Lake",66.76667,-157.21667,1355,1390,540,0.0614617940199336,0,0,27071,28087
"Joe Lake",66.76667,-157.21667,1355,1390,550,0.0741482965931864,0,0.00666666666666667,27796.5,28609
"Joe Lake",66.76667,-157.21667,1355,1390,560,0.0696798493408663,0,0,28449,29130
"Joe Lake",66.76667,-157.21667,1355,1390,570,0.0473484848484848,0,0.0114285714285714,29134.5,29652
"Joe Lake",66.76667,-157.21667,1355,1390,580,0.0532110091743119,0,0.0127388535031847,29860,30136
"Joe Lake",66.76667,-157.21667,1355,1390,590,0.0456349206349206,0.00578034682080925,0,30568.5,30563
"Joe Lake",66.76667,-157.21667,1355,1390,600,0.0352941176470588,0.00540540540540541,0.00540540540540541,31159,30990
"Joe Lake",66.76667,-157.21667,1355,1390,610,0.0622837370242214,0,0.00947867298578199,31802,31417
"Joe Lake",66.76667,-157.21667,1355,1390,620,0.044921875,0,0.00540540540540541,32453.5,31844
"Joe Lake",66.76667,-157.21667,1355,1390,630,0.0547945205479452,0.0169491525423729,0.0112994350282486,33110.5,32272
"Joe Lake",66.76667,-157.21667,1355,1390,640,0.0702087286527514,0,0.0104712041884817,33867,32699
"Joe Lake",66.76667,-157.21667,1355,1390,660,0.0379746835443038,0,0.0159235668789809,35211,33553
"Joe Lake",66.76667,-157.21667,1355,1390,670,0.0560578661844485,0,0.00796812749003984,35903.5,33980
"Joe Lake",66.76667,-157.21667,1355,1390,680,0.050682261208577,0,0.0188679245283019,36594,34407
"Joe Lake",66.76667,-157.21667,1355,1390,700,0.0634920634920635,0,0.0054054054054054,37970,35262
"Joe Lake",66.76667,-157.21667,1355,1390,710,0.0813953488372093,0,0.00625,38740.5,35689
"Joe Lake",66.76667,-157.21667,1355,1390,720,0.0597609561752988,0,0.0151515151515152,39482.5,36116
"Joe Lake",66.76667,-157.21667,1355,1390,730,0.102316602316602,0.00404858299595142,0,40344.5,36543
"Joe Lake",66.76667,-157.21667,1355,1390,740,0.0413669064748201,0,0.0165016501650165,41547,36970
"Joe Lake",66.76667,-157.21667,1355,1390,760,0.131212723658052,0,0.0238095238095238,43281,37824
"Joe Lake",66.76667,-157.21667,1355,1390,770,0.207843137254902,0,0.040650406504065,43907.5,38251
"Joe Lake",66.76667,-157.21667,1355,1390,780,0.0934393638170974,0,0.0447761194029851,44505,38678
"Joe Lake",66.76667,-157.21667,1355,1390,790,0.121951219512195,0,0.0588235294117647,45163.5,39106
"Joe Lake",66.76667,-157.21667,1355,1390,810,0.0991253644314869,0,0.0444444444444444,46507,39960
"Joe Lake",66.76667,-157.21667,1355,1390,830,0.110246433203632,0,0.0288461538461538,47889,40814
"Joe Lake",66.76667,-157.21667,1355,1390,850,0.158227848101266,0,0.0972222222222222,49147,41668
"Joe Lake",66.76667,-157.21667,1355,1390,860,0.132149901380671,0,0.058252427184466,49863.5,42096
"Joe Lake",66.76667,-157.21667,1355,1390,880,0.129337539432177,0,0.0655737704918033,51378.5,42950
"Joe Lake",66.76667,-157.21667,1355,1390,890,0.143540669856459,0,0.118181818181818,51965,43377
"Joe Lake",66.76667,-157.21667,1355,1390,900,0.141447368421053,0,0.0512820512820513,52713.5,43804
"Tiinkdhul Lake",66.58333,-143.15,2551,2642,2,0.0260869565217391,0.00346020761245675,0.408304498269896,742,48
"Tiinkdhul Lake",66.58333,-143.15,2551,2642,10,0.0418250950570342,0,0.401913875598086,945,238
"Tiinkdhul Lake",66.58333,-143.15,2551,2642,20,0.0376175548589342,0,0.434262948207171,1124,476
"Tiinkdhul Lake",66.58333,-143.15,2551,2642,30,0.0443786982248521,0,0.355871886120996,1290.5,714
"Tiinkdhul Lake",66.58333,-143.15,2551,2642,40,0.0356083086053412,0.00727272727272727,0.363636363636364,1456,952
"Tiinkdhul Lake",66.58333,-143.15,2551,2642,50,0.0562913907284768,0.00740740740740741,0.333333333333333,1615.5,1190
"Tiinkdhul Lake",66.58333,-143.15,2551,2642,60,0.0452127659574468,0.00325732899022801,0.322475570032573,1783,1428
"Tiinkdhul Lake",66.58333,-143.15,2551,2642,70,0.0364238410596026,0.00760456273764259,0.433460076045627,1953,1666
"Tiinkdhul Lake",66.58333,-143.15,2551,2642,80,0.0432098765432099,0,0.366255144032922,2119.5,1904
"Tiinkdhul Lake",66.58333,-143.15,2551,2642,90,0.0225988700564972,0,0.394366197183099,2280.5,2142
"Tiinkdhul Lake",66.58333,-143.15,2551,2642,100,0.0364583333333333,0,0.260061919504644,2449,2380
"Tiinkdhul Lake",66.58333,-143.15,2551,2642,110,0.0189274447949527,0,0.349442379182156,2991,2815
"Tiinkdhul Lake",66.58333,-143.15,2551,2642,120,0.0153452685421995,0.0031055900621118,0.291925465838509,3473,3249
"Tiinkdhul Lake",66.58333,-143.15,2551,2642,130,0.0260869565217391,0,0.389067524115756,3955,3684
"Tiinkdhul Lake",66.58333,-143.15,2551,2642,140,0.0190735694822888,0.00319488817891374,0.36741214057508,4437,4119
"Tiinkdhul Lake",66.58333,-143.15,2551,2642,150,0.0186170212765957,0,0.35207100591716,4933,4553
"Tiinkdhul Lake",66.58333,-143.15,2551,2642,160,0.0231884057971014,0,0.314102564102564,5418,4988
"Tiinkdhul Lake",66.58333,-143.15,2551,2642,170,0.00579710144927536,0,0.245222929936306,5903,5423
"Tiinkdhul Lake",66.58333,-143.15,2551,2642,180,0.0345744680851064,0,0.226361031518625,6394,5857
"Tiinkdhul Lake",66.58333,-143.15,2551,2642,190,0.0163170163170163,0,0.211302211302211,6871.5,6292
"Tiinkdhul Lake",66.58333,-143.15,2551,2642,200,0.0249221183800623,0,0.231046931407942,7351,6727
"Tiinkdhul Lake",66.58333,-143.15,2551,2642,209,0.0325443786982249,0.0102040816326531,0.159863945578231,7792.5,7118
"Tiinkdhul Lake",66.58333,-143.15,2551,2642,214,0.0578512396694215,0.014792899408284,0.230769230769231,8047,7335
"Tiinkdhul Lake",66.58333,-143.15,2551,2642,224,0.0350877192982456,0,0.0862068965517241,8555,7770
"Tiinkdhul Lake",66.58333,-143.15,2551,2642,229,0.0364145658263305,0.0162866449511401,0.100977198697068,8680.5,7836
"Tiinkdhul Lake",66.58333,-143.15,2551,2642,234,0.107843137254902,0.127049180327869,0.00819672131147541,8775,7903
"Tiinkdhul Lake",66.58333,-143.15,2551,2642,239,0.103030303030303,0.173285198555957,0,8857,7969
"Tiinkdhul Lake",66.58333,-143.15,2551,2642,244,0.106194690265487,0.100694444444444,0,8949.5,8036
"Tiinkdhul Lake",66.58333,-143.15,2551,2642,249,0.0811594202898551,0.0719178082191781,0.00342465753424658,9028,8102
"Tiinkdhul Lake",66.58333,-143.15,2551,2642,260,0.116883116883117,0.166666666666667,0.00740740740740741,9220.5,8248
"Tiinkdhul Lake",66.58333,-143.15,2551,2642,270,0.074792243767313,0.140127388535032,0,9390,8381
"Tiinkdhul Lake",66.58333,-143.15,2551,2642,280,0.123745819397993,0.0549019607843137,0,9562.5,8514
"Tiinkdhul Lake",66.58333,-143.15,2551,2642,290,0.0712401055408971,0.177777777777778,0.00317460317460317,9736,8647
"Tiinkdhul Lake",66.58333,-143.15,2551,2642,300,0.0984126984126984,0.207142857142857,0,9904.5,8779
"Tiinkdhul Lake",66.58333,-143.15,2551,2642,310,0.0643086816720257,0.195488721804511,0,10067,8912
"Tiinkdhul Lake",66.58333,-143.15,2551,2642,320,0.131578947368421,0.100746268656716,0,10236.5,9045
"Tiinkdhul Lake",66.58333,-143.15,2551,2642,330,0.135693215339233,0.125,0,10392,9178
"Tiinkdhul Lake",66.58333,-143.15,2551,2642,340,0.0984126984126984,0.113970588235294,0,10557,9311
"Tiinkdhul Lake",66.58333,-143.15,2551,2642,350,0.23598820058997,0.0810810810810811,0,10728,9444
"Tiinkdhul Lake",66.58333,-143.15,2551,2642,360,0.196808510638298,0.0137457044673539,0,11212.5,9725
"Tiinkdhul Lake",66.58333,-143.15,2551,2642,370,0.042042042042042,0,0,11758,10154
"Tiinkdhul Lake",66.58333,-143.15,2551,2642,380,0.111111111111111,0,0.0129032258064516,12289,10583
"Tiinkdhul Lake",66.58333,-143.15,2551,2642,390,0.0878186968838527,0,0,12814.5,11012
"Tiinkdhul Lake",66.58333,-143.15,2551,2642,400,0.0658682634730539,0,0,13311,11442
"Tiinkdhul Lake",66.58333,-143.15,2551,2642,410,0.058659217877095,0,0.00657894736842105,13811.5,11871
"Tiinkdhul Lake",66.58333,-143.15,2551,2642,420,0.100303951367781,0,0.015625,14507,12300
"Tiinkdhul Lake",66.58333,-143.15,2551,2642,430,0.120634920634921,0,0.00840336134453781,15452,12952
"Tiinkdhul Lake",66.58333,-143.15,2551,2642,440,0.172757475083056,0,0.00431034482758621,16370.5,13604
"Tiinkdhul Lake",66.58333,-143.15,2551,2642,450,0.0952380952380952,0,0.00598802395209581,17384.5,14302
"Tiinkdhul Lake",66.58333,-143.15,2551,2642,460,0.125766871165644,0,0.0540540540540541,18238.5,15047
"Tiinkdhul Lake",66.58333,-143.15,2551,2642,470,0.0703363914373089,0,0.0816326530612245,19098,15791
"Tiinkdhul Lake",66.58333,-143.15,2551,2642,480,0.0854430379746835,0,0.166666666666667,19923,16536
"Tiinkdhul Lake",66.58333,-143.15,2551,2642,490,0.147692307692308,0,0.107692307692308,20837,17280
"Tiinkdhul Lake",66.58333,-143.15,2551,2642,500,0.00664451827242525,0,0.153846153846154,21474,18024
"Tiinkdhul Lake",66.58333,-143.15,2551,2642,510,0.0241691842900302,0,0.125,21893.5,18769
"Tiinkdhul Lake",66.58333,-143.15,2551,2642,520,0.00613496932515337,0,0.428571428571429,22273.5,19513
"Screaming Lynx Lake",66.068048,-145.406216,13690,20872,6,0.0326797385620915,0.0104895104895105,0.244755244755245,380.5,-44
"Screaming Lynx Lake",66.068048,-145.406216,13690,20872,26.5,0.0313479623824451,0,0.306451612903226,470,327
"Screaming Lynx Lake",66.068048,-145.406216,13690,20872,42.5,0.0313479623824451,0.0136518771331058,0.225255972696246,537,473
"Screaming Lynx Lake",66.068048,-145.406216,13690,20872,52.5,0.0408805031446541,0.00699300699300699,0.248251748251748,576,573
"Screaming Lynx Lake",66.068048,-145.406216,13690,20872,61,0.0519877675840979,0.0166666666666667,0.23,749,700
"Screaming Lynx Lake",66.068048,-145.406216,13690,20872,67.75,0.0397553516819572,0.00980392156862745,0.111111111111111,991,956
"Screaming Lynx Lake",66.068048,-145.406216,13690,20872,75,0.0463576158940397,0,0.190311418685121,1244,1208
"Screaming Lynx Lake",66.068048,-145.406216,13690,20872,82,0.0260869565217391,0.00319488817891374,0.23961661341853,1416,1419
"Screaming Lynx Lake",66.068048,-145.406216,13690,20872,89.25,0.0222929936305732,0.01,0.233333333333333,1594,1582
"Screaming Lynx Lake",66.068048,-145.406216,13690,20872,104,0.021875,0,0.236111111111111,1977,1978
"Screaming Lynx Lake",66.068048,-145.406216,13690,20872,111.5,0.0318840579710145,0,0.174454828660436,2184,2187
"Screaming Lynx Lake",66.068048,-145.406216,13690,20872,119.5,0.0369230769230769,0,0.186274509803922,2406,2433
"Screaming Lynx Lake",66.068048,-145.406216,13690,20872,133.5,0.0397553516819572,0,0.295681063122924,2796,2796
"Screaming Lynx Lake",66.068048,-145.406216,13690,20872,140,0.0289389067524116,0.00343642611683849,0.237113402061856,2971,2974
"Screaming Lynx Lake",66.068048,-145.406216,13690,20872,145.75,0.0266666666666667,0.0036101083032491,0.223826714801444,3100,3108
"Screaming Lynx Lake",66.068048,-145.406216,13690,20872,150.25,0.0373831775700935,0.00666666666666667,0.186666666666667,3201,3212
"Screaming Lynx Lake",66.068048,-145.406216,13690,20872,156,0.0308988764044944,0,0.255192878338279,3330,3328
"Screaming Lynx Lake",66.068048,-145.406216,13690,20872,160.5,0.0121580547112462,0,0.233766233766234,3431,3421
"Screaming Lynx Lake",66.068048,-145.406216,13690,20872,164.5,0.031055900621118,0.0128205128205128,0.112179487179487,3521,3516
"Screaming Lynx Lake",66.068048,-145.406216,13690,20872,168,0.0362537764350453,0,0.217665615141956,3604,3601
"Screaming Lynx Lake",66.068048,-145.406216,13690,20872,171.5,0.0411392405063291,0.00325732899022801,0.120521172638436,3727.5,3705
"Screaming Lynx Lake",66.068048,-145.406216,13690,20872,174.75,0.0452961672473868,0.00377358490566038,0.113207547169811,3834.5,3825
"Screaming Lynx Lake",66.068048,-145.406216,13690,20872,178,0.0328358208955224,0.00319488817891374,0.137380191693291,3945,3944
"Screaming Lynx Lake",66.068048,-145.406216,13690,20872,181.25,0.0516129032258065,0,0.196610169491525,4059,4058
"Screaming Lynx Lake",66.068048,-145.406216,13690,20872,185,0.0152439024390244,0.00308641975308642,0.141975308641975,4187,4176
"Screaming Lynx Lake",66.068048,-145.406216,13690,20872,189,0.0470219435736677,0,0.214521452145215,4322,4301
"Screaming Lynx Lake",66.068048,-145.406216,13690,20872,193.5,0.00934579439252336,0.00320512820512821,0.169871794871795,4477,4458
"Screaming Lynx Lake",66.068048,-145.406216,13690,20872,199,0.0319488817891374,0.00342465753424658,0.0821917808219178,4664,4655
"Screaming Lynx Lake",66.068048,-145.406216,13690,20872,205.25,0.00647249190938511,0.0136518771331058,0.143344709897611,4866.5,4861
"Screaming Lynx Lake",66.068048,-145.406216,13690,20872,213.25,0.00684931506849315,0,0.0899280575539568,5127.5,5128
"Screaming Lynx Lake",66.068048,-145.406216,13690,20872,222.5,0.015015015015015,0.00306748466257669,0.0521472392638037,5607,5499
"Screaming Lynx Lake",66.068048,-145.406216,13690,20872,233,0.024390243902439,0.00662251655629139,0.105960264900662,6168.5,6064
"Screaming Lynx Lake",66.068048,-145.406216,13690,20872,242.5,0.0185185185185185,0.00332225913621262,0.122923588039867,6668,6564
"Screaming Lynx Lake",66.068048,-145.406216,13690,20872,257,0.0296052631578947,0.00338983050847458,0.152542372881356,7526,7406
"Screaming Lynx Lake",66.068048,-145.406216,13690,20872,263.25,0.0162337662337662,0.043046357615894,0.139072847682119,7915,7773
"Screaming Lynx Lake",66.068048,-145.406216,13690,20872,275,0.0189274447949527,0.00977198697068404,0.0651465798045603,8636,8475
"Screaming Lynx Lake",66.068048,-145.406216,13690,20872,280.25,0.0252365930599369,0.028169014084507,0.102112676056338,8955,8797
"Screaming Lynx Lake",66.068048,-145.406216,13690,20872,285.75,0.0328947368421053,0.0614334470989761,0.0887372013651877,9135,9014
"Screaming Lynx Lake",66.068048,-145.406216,13690,20872,291,0.046875,0.116379310344828,0.0387931034482759,9222,9200
"Screaming Lynx Lake",66.068048,-145.406216,13690,20872,296.5,0.0766773162939297,0.219178082191781,0.123287671232877,9311,9299
"Screaming Lynx Lake",66.068048,-145.406216,13690,20872,318.75,0.033003300330033,0.0446735395189003,0,9668.5,9699
"Screaming Lynx Lake",66.068048,-145.406216,13690,20872,332,0.0517241379310345,0.210144927536232,0.0072463768115942,9876.5,9941
"Screaming Lynx Lake",66.068048,-145.406216,13690,20872,339.75,0.043956043956044,0.157894736842105,0.0263157894736842,10003,10074
"Screaming Lynx Lake",66.068048,-145.406216,13690,20872,380.25,0.036036036036036,0.0679611650485437,0.00970873786407767,10514,10580
"Sands of Time Lake",66.027922,-147.556308,11575,17328,0,0.0123456790123457,0.00327868852459016,0.354098360655738,NA,-31
"Sands of Time Lake",66.027922,-147.556308,11575,17328,28,0.0393120393120393,0,0.306010928961749,1519.5,678
"Sands of Time Lake",66.027922,-147.556308,11575,17328,52,0.0458333333333333,0,0.240088105726872,1957.5,1293
"Sands of Time Lake",66.027922,-147.556308,11575,17328,68,0.0723192019950125,0.00284900284900285,0.230769230769231,2218.5,1698
"Sands of Time Lake",66.027922,-147.556308,11575,17328,85,0.0181347150259067,0,0.178571428571429,2540,2134
"Sands of Time Lake",66.027922,-147.556308,11575,17328,105,0.0284810126582278,0,0.202054794520548,2915.5,2623
"Sands of Time Lake",66.027922,-147.556308,11575,17328,125,0.0348258706467662,0.00265957446808511,0.247340425531915,3262,3145
"Sands of Time Lake",66.027922,-147.556308,11575,17328,145,0.0337423312883436,0.00328947368421053,0.335526315789474,3684,3661
"Sands of Time Lake",66.027922,-147.556308,11575,17328,165,0.0102040816326531,0.0105263157894737,0.207017543859649,4173.5,4155
"Sands of Time Lake",66.027922,-147.556308,11575,17328,185,0.00714285714285714,0.0123762376237624,0.284653465346535,4557.5,4558
"Sands of Time Lake",66.027922,-147.556308,11575,17328,205,0.0147058823529412,0.00304878048780488,0.271341463414634,4941.5,4973
"Sands of Time Lake",66.027922,-147.556308,11575,17328,225,0.00852272727272727,0.00872093023255814,0.165697674418605,5319.5,5397
"Sands of Time Lake",66.027922,-147.556308,11575,17328,245,0.0184049079754601,0,0.195583596214511,5723,5801
"Sands of Time Lake",66.027922,-147.556308,11575,17328,265,0.0158227848101266,0.0065359477124183,0.156862745098039,6274,6249
"Sands of Time Lake",66.027922,-147.556308,11575,17328,285,0.00325732899022801,0,0.121621621621622,6769,6754
"Sands of Time Lake",66.027922,-147.556308,11575,17328,305,0.0262626262626263,0,0.0542797494780793,7252.5,7244
"Sands of Time Lake",66.027922,-147.556308,11575,17328,325,0.00903614457831325,0,0.0723270440251572,7689,7764
"Sands of Time Lake",66.027922,-147.556308,11575,17328,345,0.0185471406491499,0.00334448160535117,0.0652173913043478,8189.5,8270
"Sands of Time Lake",66.027922,-147.556308,11575,17328,365,0.0237580993520518,0.013953488372093,0.113953488372093,8854,8833
"Sands of Time Lake",66.027922,-147.556308,11575,17328,385,0.010989010989011,0.0409356725146199,0.0906432748538012,9732,9651
"Sands of Time Lake",66.027922,-147.556308,11575,17328,405,0.0408653846153846,0.0276381909547739,0.155778894472362,10019,10092
"Sands of Time Lake",66.027922,-147.556308,11575,17328,425,0.0949367088607595,0.191780821917808,0.0136986301369863,10551.5,10441
"Sands of Time Lake",66.027922,-147.556308,11575,17328,447,0.085972850678733,0.124069478908189,0.00248138957816377,11638,11290
"Sands of Time Lake",66.027922,-147.556308,11575,17328,465,0.0549199084668192,0.162907268170426,0.0025062656641604,12525,12267
"Sands of Time Lake",66.027922,-147.556308,11575,17328,485,0.182628062360802,0.00733496332518337,0,13307,13128
"Sands of Time Lake",66.027922,-147.556308,11575,17328,505,0.0274390243902439,0,0,13905,13750
"Sands of Time Lake",66.027922,-147.556308,11575,17328,555,0.132963988919668,0,0.0159362549800797,15306,15321
"Sands of Time Lake",66.027922,-147.556308,11575,17328,605,0.0955414012738854,0.00436681222707424,0.0131004366812227,16975,16858
"Sands of Time Lake",66.027922,-147.556308,11575,17328,630,0.0542452830188679,0,0.0126182965299685,17754,17733
"Sands of Time Lake",66.027922,-147.556308,11575,17328,655,0.120320855614973,0,0.00383141762452107,18484,18644
"Sands of Time Lake",66.027922,-147.556308,11575,17328,680,0.0993589743589744,0,0.0238095238095238,19218,19555
"Sands of Time Lake",66.027922,-147.556308,11575,17328,705,0.0540540540540541,0,0.0185185185185185,20072,20464
"Sands of Time Lake",66.027922,-147.556308,11575,17328,755,0.118343195266272,0,0.125,24359,23293
"Sands of Time Lake",66.027922,-147.556308,11575,17328,805,0.023972602739726,0,0.321428571428571,25921.5,25238
"Sands of Time Lake",66.027922,-147.556308,11575,17328,855,0.123655913978495,0,0.340425531914894,26810,26520
"Sithylemenkat Lake",66.121544,-151.398584,11579,17338,2,0.00552486187845304,0,0.609195402298851,1733,172
"Sithylemenkat Lake",66.121544,-151.398584,11579,17338,5,0.025,0,0.14207650273224,1794.5,443
"Sithylemenkat Lake",66.121544,-151.398584,11579,17338,10,0.028169014084507,0,0.194656488549618,1887,914
"Sithylemenkat Lake",66.121544,-151.398584,11579,17338,20,0.00571428571428571,0,0.166666666666667,2124,1841
"Sithylemenkat Lake",66.121544,-151.398584,11579,17338,30,0.0120481927710843,0,0.155844155844156,2400,2127
"Sithylemenkat Lake",66.121544,-151.398584,11579,17338,40,0.0159574468085106,0,0.177142857142857,2645,2408
"Sithylemenkat Lake",66.121544,-151.398584,11579,17338,50,0.0181818181818182,0,0.212903225806452,2895,2690
"Sithylemenkat Lake",66.121544,-151.398584,11579,17338,60,0.0137614678899083,0,0.237623762376238,3152,2975
"Sithylemenkat Lake",66.121544,-151.398584,11579,17338,70,0.0128205128205128,0,0.210526315789474,3396,3258
"Sithylemenkat Lake",66.121544,-151.398584,11579,17338,80,0.0162162162162162,0,0.220238095238095,3654,3537
"Sithylemenkat Lake",66.121544,-151.398584,11579,17338,90,0.00460829493087558,0.00492610837438424,0.197044334975369,3902,3819
"Sithylemenkat Lake",66.121544,-151.398584,11579,17338,100,0,0,0.298701298701299,4153,4099
"Sithylemenkat Lake",66.121544,-151.398584,11579,17338,110,0.00515463917525773,0,0.172222222222222,4398.5,4373
"Sithylemenkat Lake",66.121544,-151.398584,11579,17338,120,0.00938967136150235,0,0.197044334975369,4649.5,4653
"Sithylemenkat Lake",66.121544,-151.398584,11579,17338,130,0,0,0.228070175438596,4896.5,4930
"Sithylemenkat Lake",66.121544,-151.398584,11579,17338,140,0.0121212121212121,0.00636942675159236,0.165605095541401,5150,5213
"Sithylemenkat Lake",66.121544,-151.398584,11579,17338,150,0.0123456790123457,0,0.2,5419,5493
"Sithylemenkat Lake",66.121544,-151.398584,11579,17338,160,0.0111731843575419,0,0.144508670520231,5872,5892
"Sithylemenkat Lake",66.121544,-151.398584,11579,17338,170,0,0,0.119047619047619,6311,6319
"Sithylemenkat Lake",66.121544,-151.398584,11579,17338,180,0.00420168067226891,0,0.0789473684210526,6751,6749
"Sithylemenkat Lake",66.121544,-151.398584,11579,17338,190,0.00520833333333333,0,0.0752688172043011,7188,7179
"Sithylemenkat Lake",66.121544,-151.398584,11579,17338,200,0,0,0.052132701421801,7631,7607
"Sithylemenkat Lake",66.121544,-151.398584,11579,17338,210,0.0127118644067797,0.00454545454545455,0.0409090909090909,8077.5,8032
"Sithylemenkat Lake",66.121544,-151.398584,11579,17338,220,0.0105820105820106,0,0.0514285714285714,8514,8462
"Sithylemenkat Lake",66.121544,-151.398584,11579,17338,230,0.033175355450237,0,0.160427807486631,8994,8884
"Sithylemenkat Lake",66.121544,-151.398584,11579,17338,240,0,0,0.141104294478528,9367.5,9230
"Sithylemenkat Lake",66.121544,-151.398584,11579,17338,250,0.0352422907488987,0,0.13302752293578,9703,9557
"Sithylemenkat Lake",66.121544,-151.398584,11579,17338,260,0.033175355450237,0.00495049504950495,0.0594059405940594,10041,9882
"Sithylemenkat Lake",66.121544,-151.398584,11579,17338,270,0.113095238095238,0.0509554140127388,0.0127388535031847,10385,10208
"Sithylemenkat Lake",66.121544,-151.398584,11579,17338,280,0.1,0.103174603174603,0.00793650793650794,10737,10528
"Sithylemenkat Lake",66.121544,-151.398584,11579,17338,290,0.083743842364532,0.130681818181818,0,11068,10853
"Sithylemenkat Lake",66.121544,-151.398584,11579,17338,300,0.127272727272727,0.0921052631578947,0,11404.5,11173
"Sithylemenkat Lake",66.121544,-151.398584,11579,17338,310,0.175879396984925,0.22289156626506,0,11727.5,11500
"Sithylemenkat Lake",66.121544,-151.398584,11579,17338,320,0.128318584070796,0.0761421319796954,0,12117.5,11827
"Sithylemenkat Lake",66.121544,-151.398584,11579,17338,330,0.14367816091954,0.00704225352112676,0,12528,12112
"Sithylemenkat Lake",66.121544,-151.398584,11579,17338,340,0.231638418079096,0,0,12859.5,12375
"Sithylemenkat Lake",66.121544,-151.398584,11579,17338,350,0.0567010309278351,0,0,13205,12645
"Sithylemenkat Lake",66.121544,-151.398584,11579,17338,360,0.153846153846154,0,0.00775193798449612,13551.5,12910
"Sithylemenkat Lake",66.121544,-151.398584,11579,17338,370,0.131736526946108,0,0.0166666666666667,13909,13177
"Sithylemenkat Lake",66.121544,-151.398584,11579,17338,380,0.142857142857143,0.00925925925925926,0,14260.5,13453
"Sithylemenkat Lake",66.121544,-151.398584,11579,17338,390,0.0888888888888889,0,0.0169491525423729,14613,13727
"Sithylemenkat Lake",66.121544,-151.398584,11579,17338,400,0.196078431372549,0,0,14960.5,13995
"Sithylemenkat Lake",66.121544,-151.398584,11579,17338,410,0.0809248554913295,0,0.00763358778625954,15320,14260
"Sithylemenkat Lake",66.121544,-151.398584,11579,17338,420,0.121387283236994,0,0.0225563909774436,15666,14526
"Sithylemenkat Lake",66.121544,-151.398584,11579,17338,430,0.191358024691358,0.0102040816326531,0.0102040816326531,16018.5,14797
"Sithylemenkat Lake",66.121544,-151.398584,11579,17338,435,0.206896551724138,0,0.0379746835443038,16196,14932
"Sithylemenkat Lake",66.121544,-151.398584,11579,17338,440,0.186813186813187,0.0125,0.1625,16357.5,15064
"Sithylemenkat Lake",66.121544,-151.398584,11579,17338,445,0.229166666666667,0,0.0606060606060606,16522,15195
"Sithylemenkat Lake",66.121544,-151.398584,11579,17338,450,0.321428571428571,0,0.0789473684210526,16738,15326
"Sithylemenkat Lake",66.121544,-151.398584,11579,17338,453,0.156934306569343,0.00980392156862745,0.0882352941176471,16847,15407
"Sithylemenkat Lake",66.121544,-151.398584,11579,17338,455,0.133757961783439,0,0.0672268907563025,16903.5,15461
"North Killeak Lake",66.363098,-164.0618,11583,17345,6.5,0.0386904761904762,0,0.0746268656716418,244,244
"North Killeak Lake",66.363098,-164.0618,11583,17345,11.5,0.0454545454545455,0,0.0492610837438424,451,451
"North Killeak Lake",66.363098,-164.0618,11583,17345,22,0.0196078431372549,0,0.0456852791878173,886,886
"North Killeak Lake",66.363098,-164.0618,11583,17345,32.5,0.0140845070422535,0,0.0566037735849057,1321,1321
"North Killeak Lake",66.363098,-164.0618,11583,17345,42.5,0.00920245398773006,0,0.0878048780487805,1735,1735
"North Killeak Lake",66.363098,-164.0618,11583,17345,52.5,0.0191780821917808,0,0.127906976744186,2150,2150
"North Killeak Lake",66.363098,-164.0618,11583,17345,63,0.0109289617486339,0,0.0313725490196078,2584,2584
"North Killeak Lake",66.363098,-164.0618,11583,17345,73,0.0294117647058824,0,0.0371900826446281,2999,2999
"North Killeak Lake",66.363098,-164.0618,11583,17345,82.5,0.0217391304347826,0,0.0199203187250996,3392,3392
"North Killeak Lake",66.363098,-164.0618,11583,17345,93,0.0032258064516129,0,0.0409090909090909,3686,3686
"North Killeak Lake",66.363098,-164.0618,11583,17345,103,0.0209580838323353,0,0.0247933884297521,3818,3818
"North Killeak Lake",66.363098,-164.0618,11583,17345,112.5,0.00949367088607595,0,0.0170212765957447,3944,3944
"North Killeak Lake",66.363098,-164.0618,11583,17345,123,0.0140845070422535,0,0.0458015267175572,4083,4083
"North Killeak Lake",66.363098,-164.0618,11583,17345,132.5,0.00308641975308642,0,0.0318725099601594,4208,4208
"North Killeak Lake",66.363098,-164.0618,11583,17345,142.5,0.0204678362573099,0.00384615384615385,0.0230769230769231,4341,4341
"North Killeak Lake",66.363098,-164.0618,11583,17345,167.5,0,0,0.0150943396226415,4671,4671
"North Killeak Lake",66.363098,-164.0618,11583,17345,172.5,0.00943396226415094,0,0.024,4737,4737
"North Killeak Lake",66.363098,-164.0618,11583,17345,183,0.00641025641025641,0,0.0186046511627907,4876,4876
"North Killeak Lake",66.363098,-164.0618,11583,17345,194,0.0151057401812689,0,0.0194552529182879,5022,5022
"North Killeak Lake",66.363098,-164.0618,11583,17345,204.5,0.00993377483443709,0,0.0197628458498024,5161,5161
"North Killeak Lake",66.363098,-164.0618,11583,17345,209.5,0.0115606936416185,0,0,5227,5227
"North Killeak Lake",66.363098,-164.0618,11583,17345,221.5,0.0173913043478261,0,0.0106382978723404,5385,5385
"North Killeak Lake",66.363098,-164.0618,11583,17345,230.5,0.0191693290734824,0,0.0267175572519084,5504,5504
"North Killeak Lake",66.363098,-164.0618,11583,17345,240.5,0.0242587601078167,0,0.00699300699300699,5637,5637
"North Killeak Lake",66.363098,-164.0618,11583,17345,250,0.0114613180515759,0.00754716981132075,0.0226415094339623,5762,5762
"North Killeak Lake",66.363098,-164.0618,11583,17345,267,0.015625,0,0.0171673819742489,5987,5987
"North Killeak Lake",66.363098,-164.0618,11583,17345,278,0.0225352112676056,0,0.00354609929078014,6133,6133
"North Killeak Lake",66.363098,-164.0618,11583,17345,289,0.0241691842900302,0.00775193798449612,0.0116279069767442,6278,6278
"North Killeak Lake",66.363098,-164.0618,11583,17345,298,0.021671826625387,0,0.00727272727272727,6397,6397
"North Killeak Lake",66.363098,-164.0618,11583,17345,308,0.0233236151603499,0,0.00363636363636364,6529,6529
"North Killeak Lake",66.363098,-164.0618,11583,17345,318,0.0181268882175227,0,0,6662,6662
"North Killeak Lake",66.363098,-164.0618,11583,17345,328,0.0110192837465565,0.00359712230215827,0,6794,6794
"North Killeak Lake",66.363098,-164.0618,11583,17345,338,0.014792899408284,0,0.00778210116731518,6963,6963
"North Killeak Lake",66.363098,-164.0618,11583,17345,349,0.0416666666666667,0,0.00418410041841004,7189,7189
"North Killeak Lake",66.363098,-164.0618,11583,17345,368,0.023121387283237,0,0,7580,7580
"North Killeak Lake",66.363098,-164.0618,11583,17345,377.5,0.0739644970414201,0,0.0048780487804878,7776,7776
"North Killeak Lake",66.363098,-164.0618,11583,17345,388,0.0276073619631902,0,0.0149253731343284,7992,7992
"North Killeak Lake",66.363098,-164.0618,11583,17345,398,0.0191082802547771,0,0.00578034682080925,8197,8197
"North Killeak Lake",66.363098,-164.0618,11583,17345,409,0.0465116279069767,0.00956937799043062,0.00956937799043062,8424,8424
"North Killeak Lake",66.363098,-164.0618,11583,17345,424.5,0.0480769230769231,0,0.00896860986547085,8743,8743
"North Killeak Lake",66.363098,-164.0618,11583,17345,434.5,0.0404984423676012,0.0294117647058824,0.00840336134453781,8949,8949
"North Killeak Lake",66.363098,-164.0618,11583,17345,443.5,0.0780346820809249,0.004,0.008,9134,9134
"North Killeak Lake",66.363098,-164.0618,11583,17345,453.5,0.0628930817610063,0.0210970464135021,0.00421940928270042,9339,9339
"North Killeak Lake",66.363098,-164.0618,11583,17345,463.5,0.0432098765432099,0,0.0087719298245614,9545,9545
"North Killeak Lake",66.363098,-164.0618,11583,17345,472.5,0.0745341614906832,0.0753768844221105,0.0100502512562814,9730,9730
"North Killeak Lake",66.363098,-164.0618,11583,17345,482.5,0.0642201834862385,0.0131578947368421,0.0087719298245614,9936,9936
"North Killeak Lake",66.363098,-164.0618,11583,17345,493.5,0.0638297872340425,0.0216450216450216,0.00865800865800866,10163,10163
"North Killeak Lake",66.363098,-164.0618,11583,17345,503.5,0.075801749271137,0.0212765957446809,0,10368,10368
"North Killeak Lake",66.363098,-164.0618,11583,17345,513.5,0.067741935483871,0.0311284046692607,0,10574,10574
"North Killeak Lake",66.363098,-164.0618,11583,17345,523.5,0.10233918128655,0.0681818181818182,0,10780,10780
"North Killeak Lake",66.363098,-164.0618,11583,17345,533.5,0.125827814569536,0.0745614035087719,0.0043859649122807,10986,10986
"North Killeak Lake",66.363098,-164.0618,11583,17345,542.5,0.144144144144144,0,0.00847457627118644,11171,11171
"North Killeak Lake",66.363098,-164.0618,11583,17345,554.5,0.191435768261965,0,0.00480769230769231,11418,11418
"North Killeak Lake",66.363098,-164.0618,11583,17345,564.5,0.0934844192634561,0.00476190476190476,0.00476190476190476,11623,11623
"North Killeak Lake",66.363098,-164.0618,11583,17345,574.5,0.0293255131964809,0.00526315789473684,0.00526315789473684,11829,11829
"North Killeak Lake",66.363098,-164.0618,11583,17345,584.5,0.0388349514563107,0.0340136054421769,0,12035,12035
"North Killeak Lake",66.363098,-164.0618,11583,17345,597.5,0.0534591194968553,0.0284090909090909,0.00568181818181818,12302,12302
"North Killeak Lake",66.363098,-164.0618,11583,17345,607.5,0.0313479623824451,0,0.0121951219512195,12508,12508
"North Killeak Lake",66.363098,-164.0618,11583,17345,617.5,0.0757575757575758,0.0123456790123457,0,12714,12714
"North Killeak Lake",66.363098,-164.0618,11583,17345,629,0.0394736842105263,0,0,12951,12951
"North Killeak Lake",66.363098,-164.0618,11583,17345,638.5,0.0708215297450425,0,0.00505050505050505,13146,13146
"North Killeak Lake",66.363098,-164.0618,11583,17345,649.5,0.0326409495548961,0,0.00411522633744856,13372,13372
"North Killeak Lake",66.363098,-164.0618,11583,17345,658.5,0.0664961636828645,0,0.018018018018018,13558,13558
"North Killeak Lake",66.363098,-164.0618,11583,17345,668.5,0.0588235294117647,0,0.00495049504950495,13763,13763
"North Killeak Lake",66.363098,-164.0618,11583,17345,678,0.0621301775147929,0,0.00757575757575758,13959,13959
"North Killeak Lake",66.363098,-164.0618,11583,17345,682.5,0.188271604938272,0,0,14051,14051
