"sitename","lat","long","siteid","datasetid","age","depth","Salix","Populus","Picea"
"Red Green Lake",68.654086,-149.681654,10537,16236,-47,0,0.0153061224489796,0,0.130952380952381
"Red Green Lake",68.654086,-149.681654,10537,16236,201,8,0.0205882352941176,0,0.111111111111111
"Red Green Lake",68.654086,-149.681654,10537,16236,327,12,0.0268714011516315,0,0.112727272727273
"Red Green Lake",68.654086,-149.681654,10537,16236,453,16,0.0186915887850467,0,0.0986547085201794
"Red Green Lake",68.654086,-149.681654,10537,16236,573,20,0.0120845921450151,0,0.169312169312169
"Red Green Lake",68.654086,-149.681654,10537,16236,688,25,0.0200445434298441,0,0.0638297872340426
"Red Green Lake",68.654086,-149.681654,10537,16236,808,30,0.00531914893617021,0,0.0689655172413793
"Red Green Lake",68.654086,-149.681654,10537,16236,930,35,0.0170454545454545,0,0.105504587155963
"Red Green Lake",68.654086,-149.681654,10537,16236,1046,40,0.0197628458498024,0,0.0929368029739777
"Red Green Lake",68.654086,-149.681654,10537,16236,1164,45,0.0084985835694051,0,0.0916666666666667
"Red Green Lake",68.654086,-149.681654,10537,16236,1280,50,0.00289017341040462,0,0.103960396039604
"Red Green Lake",68.654086,-149.681654,10537,16236,1400,55,0.0235507246376812,0,0.0844594594594595
"Red Green Lake",68.654086,-149.681654,10537,16236,1514,60,0.0272373540856031,0,0.06640625
"Red Green Lake",68.654086,-149.681654,10537,16236,1744,70,0.0234375,0,0.0526315789473684
"Red Green Lake",68.654086,-149.681654,10537,16236,2045,80,0.0196629213483146,0,0.122340425531915
"Red Green Lake",68.654086,-149.681654,10537,16236,2342,90,0.0244821092278719,0,0.0689655172413793
"Red Green Lake",68.654086,-149.681654,10537,16236,2638,100,0.027027027027027,0,0.0675675675675676
"Red Green Lake",68.654086,-149.681654,10537,16236,2939,110,0.0140515222482436,0,0.211267605633803
"Red Green Lake",68.654086,-149.681654,10537,16236,3241,120,0.00441501103752759,0,0.0803212851405622
"Red Green Lake",68.654086,-149.681654,10537,16236,3646,130,0.0273972602739726,0,0.107569721115538
"Red Green Lake",68.654086,-149.681654,10537,16236,4212,140,0.0240963855421687,0,0.0946969696969697
"Red Green Lake",68.654086,-149.681654,10537,16236,4793,150,0.0301659125188537,0,0.0348837209302326
"Red Green Lake",68.654086,-149.681654,10537,16236,5355,160,0.0116279069767442,0,0.0612903225806452
"Red Green Lake",68.654086,-149.681654,10537,16236,5923,170,0.0184331797235023,0,0.06
"Red Green Lake",68.654086,-149.681654,10537,16236,6216,175,0.00681818181818182,0,0.0410094637223975
"Red Green Lake",68.654086,-149.681654,10537,16236,6512,180,0.0173053152039555,0,0.0307443365695793
"Red Green Lake",68.654086,-149.681654,10537,16236,6798,185,0.0175438596491228,0,0.0169491525423729
"Red Green Lake",68.654086,-149.681654,10537,16236,7102,190,0.0155339805825243,0,0.0319148936170213
"Red Green Lake",68.654086,-149.681654,10537,16236,7395,195,0.0187353629976581,0,0.027355623100304
"Red Green Lake",68.654086,-149.681654,10537,16236,7681,200,0.0186915887850467,0,0.0170648464163823
"Red Green Lake",68.654086,-149.681654,10537,16236,7961,205,0.0109409190371991,0,0.028169014084507
"Red Green Lake",68.654086,-149.681654,10537,16236,8081,210,0.015625,0,0.015625
"Red Green Lake",68.654086,-149.681654,10537,16236,8183,215,0.0271739130434783,0,0.029585798816568
"Red Green Lake",68.654086,-149.681654,10537,16236,8274,220,0.00696864111498258,0,0.0145985401459854
"Red Green Lake",68.654086,-149.681654,10537,16236,8339,225,0.0264026402640264,0,0.0118343195266272
"Red Green Lake",68.654086,-149.681654,10537,16236,8404,230,0.03125,0,0.0204778156996587
"Red Green Lake",68.654086,-149.681654,10537,16236,8473,235,0.0144927536231884,0,0.0120481927710843
"Red Green Lake",68.654086,-149.681654,10537,16236,8546,240,0.0130718954248366,0,0
"Upper Capsule Lake",68.630934,-149.417838,10539,16241,-47,0,0.0186335403726708,0.0011001100110011,0.0297029702970297
"Upper Capsule Lake",68.630934,-149.417838,10539,16241,59,5,0.0282722513089005,0,0.00925925925925926
"Upper Capsule Lake",68.630934,-149.417838,10539,16241,162,10,0.0123456790123457,0,0.0308641975308642
"Upper Capsule Lake",68.630934,-149.417838,10539,16241,271,15,0.00271739130434783,0,0.00873362445414847
"Upper Capsule Lake",68.630934,-149.417838,10539,16241,384,20,0.00196463654223969,0,0.0132275132275132
"Upper Capsule Lake",68.630934,-149.417838,10539,16241,489,25,0.00392927308447937,0,0.0234375
"Upper Capsule Lake",68.630934,-149.417838,10539,16241,598,30,0.01364522417154,0,0.00478468899521531
"Upper Capsule Lake",68.630934,-149.417838,10539,16241,715,35,0.021505376344086,0,0.0119047619047619
"Upper Capsule Lake",68.630934,-149.417838,10539,16241,824,40,0.0139211136890951,0,0.016597510373444
"Upper Capsule Lake",68.630934,-149.417838,10539,16241,932,45,0.0164705882352941,0,0.0152091254752852
"Upper Capsule Lake",68.630934,-149.417838,10539,16241,1041,50,0.019559902200489,0,0.0230769230769231
"Upper Capsule Lake",68.630934,-149.417838,10539,16241,1254,60,0.0205128205128205,0,0.0228571428571429
"Upper Capsule Lake",68.630934,-149.417838,10539,16241,1469,70,0.0127118644067797,0,0.015625
"Upper Capsule Lake",68.630934,-149.417838,10539,16241,1576,75,0.0128205128205128,0,0.0218978102189781
"Upper Capsule Lake",68.630934,-149.417838,10539,16241,1815,85,0.017687074829932,0,0.00728597449908925
"Upper Capsule Lake",68.630934,-149.417838,10539,16241,2059,95,0.0192644483362522,0,0.015625
"Upper Capsule Lake",68.630934,-149.417838,10539,16241,2330,105,0.00614754098360656,0,0.0371747211895911
"Upper Capsule Lake",68.630934,-149.417838,10539,16241,2668,115,0.00392156862745098,0,0.0153061224489796
"Upper Capsule Lake",68.630934,-149.417838,10539,16241,3006,125,0.00245700245700246,0,0.0111111111111111
"Upper Capsule Lake",68.630934,-149.417838,10539,16241,3348,135,0.00448430493273543,0,0.00595238095238095
"Upper Capsule Lake",68.630934,-149.417838,10539,16241,3519,140,0.0309278350515464,0,0.00843881856540084
"Upper Capsule Lake",68.630934,-149.417838,10539,16241,3855,150,0.0116279069767442,0,0.0231958762886598
"Upper Capsule Lake",68.630934,-149.417838,10539,16241,4022,155,0.0056710775047259,0,0.005249343832021
"Upper Capsule Lake",68.630934,-149.417838,10539,16241,4420,165,0.013671875,0,0.0111111111111111
"Upper Capsule Lake",68.630934,-149.417838,10539,16241,4863,175,0.00397614314115308,0,0.00317460317460317
"Upper Capsule Lake",68.630934,-149.417838,10539,16241,5073,180,0.018,0,0.032069970845481
"Upper Capsule Lake",68.630934,-149.417838,10539,16241,5497,190,0.027124773960217,0,0.00508905852417303
"Upper Capsule Lake",68.630934,-149.417838,10539,16241,6136,205,0.0107296137339056,0,0.00955414012738854
"Upper Capsule Lake",68.630934,-149.417838,10539,16241,6354,210,0.0111940298507463,0,0.00831024930747922
"Upper Capsule Lake",68.630934,-149.417838,10539,16241,6893,220,0.0423197492163009,0,0.010443864229765
"Upper Capsule Lake",68.630934,-149.417838,10539,16241,7406,230,0.025531914893617,0.00711743772241993,0.00711743772241993
"Upper Capsule Lake",68.630934,-149.417838,10539,16241,7693,235,0.0259179265658747,0,0.0352941176470588
"Upper Capsule Lake",68.630934,-149.417838,10539,16241,8083,240,0.0175054704595186,0,0.00854700854700855
"Upper Capsule Lake",68.630934,-149.417838,10539,16241,8503,245,0.0528846153846154,0,0.00396825396825397
"Upper Capsule Lake",68.630934,-149.417838,10539,16241,8957,250,0.0300187617260788,0.00284090909090909,0.00568181818181818
"Upper Capsule Lake",68.630934,-149.417838,10539,16241,9213,255,0.0231578947368421,0.0130293159609121,0
"Upper Capsule Lake",68.630934,-149.417838,10539,16241,9311,260,0.0333333333333333,0.00344827586206897,0.00344827586206897
"Upper Capsule Lake",68.630934,-149.417838,10539,16241,9423,265,0.0173913043478261,0.0186046511627907,0
"Upper Capsule Lake",68.630934,-149.417838,10539,16241,9624,270,0.0344827586206897,0.0109289617486339,0
"Upper Capsule Lake",68.630934,-149.417838,10539,16241,10035,280,0.0371900826446281,0,0.00520833333333333
"Upper Capsule Lake",68.630934,-149.417838,10539,16241,10461,290,0.0316455696202532,0.0172413793103448,0
"Upper Capsule Lake",68.630934,-149.417838,10539,16241,10684,295,0.0438095238095238,0,0
"Upper Capsule Lake",68.630934,-149.417838,10539,16241,10978,302,0.0182926829268293,0.0103626943005181,0
"Upper Capsule Lake",68.630934,-149.417838,10539,16241,11148,306,0.0439770554493308,0,0
"Upper Capsule Lake",68.630934,-149.417838,10539,16241,11319,310,0.0515222482435597,0,0
"Upper Capsule Lake",68.630934,-149.417838,10539,16241,11594,318,0.0262529832935561,0,0
"Upper Capsule Lake",68.630934,-149.417838,10539,16241,11693,322,0.0411449016100179,0,0
"Upper Capsule Lake",68.630934,-149.417838,10539,16241,11792,326,0.0126582278481013,0,0
"Crowsnest Lake",68.33333,-146.48333,513,527,123,5,0.0348837209302326,0.0286885245901639,0.110655737704918
"Crowsnest Lake",68.33333,-146.48333,513,527,246,10,0.0308988764044944,0.00826446280991736,0.165289256198347
"Crowsnest Lake",68.33333,-146.48333,513,527,493,20,0.00854700854700855,0,0.256410256410256
"Crowsnest Lake",68.33333,-146.48333,513,527,739,30,0.0264705882352941,0,0.25
"Crowsnest Lake",68.33333,-146.48333,513,527,985,40,0.00657894736842105,0,0.331730769230769
"Crowsnest Lake",68.33333,-146.48333,513,527,1232,50,0.0105540897097625,0.00806451612903226,0.254032258064516
"Crowsnest Lake",68.33333,-146.48333,513,527,1601,65,0.0194174757281553,0,0.246305418719212
"Crowsnest Lake",68.33333,-146.48333,513,527,1724,70,0.0175438596491228,0,0.250847457627119
"Crowsnest Lake",68.33333,-146.48333,513,527,1970,80,0.0337837837837838,0.00483091787439614,0.289855072463768
"Crowsnest Lake",68.33333,-146.48333,513,527,2217,90,0.0123839009287926,0,0.438679245283019
"Crowsnest Lake",68.33333,-146.48333,513,527,2463,100,0.0181268882175227,0.0040650406504065,0.313008130081301
"Crowsnest Lake",68.33333,-146.48333,513,527,2709,110,0.0168539325842697,0,0.212765957446809
"Crowsnest Lake",68.33333,-146.48333,513,527,2956,120,0.0190839694656489,0,0.195061728395062
"Crowsnest Lake",68.33333,-146.48333,513,527,3202,130,0.0205128205128205,0.00763358778625954,0.366412213740458
"Crowsnest Lake",68.33333,-146.48333,513,527,3448,140,0.0128617363344051,0.00440528634361233,0.259911894273128
"Crowsnest Lake",68.33333,-146.48333,513,527,3695,150,0.0138888888888889,0.0068259385665529,0.204778156996587
"Crowsnest Lake",68.33333,-146.48333,513,527,3941,160,0.0316622691292876,0.00327868852459016,0.140983606557377
"Crowsnest Lake",68.33333,-146.48333,513,527,4187,170,0.0263157894736842,0.00431034482758621,0.176724137931034
"Crowsnest Lake",68.33333,-146.48333,513,527,4433,180,0.0151515151515152,0,0.302040816326531
"Crowsnest Lake",68.33333,-146.48333,513,527,4680,190,0.0158730158730159,0.0090702947845805,0.233560090702948
"Crowsnest Lake",68.33333,-146.48333,513,527,4926,200,0.00865800865800866,0,0.3125
"Crowsnest Lake",68.33333,-146.48333,513,527,5172,210,0.0124113475177305,0,0.125786163522013
"Crowsnest Lake",68.33333,-146.48333,513,527,5419,220,0.0255863539445629,0,0.126344086021505
"Crowsnest Lake",68.33333,-146.48333,513,527,5665,230,0.0219435736677116,0,0.125
"Crowsnest Lake",68.33333,-146.48333,513,527,5911,240,0.0228571428571429,0.00380228136882129,0.186311787072243
"Crowsnest Lake",68.33333,-146.48333,513,527,6158,250,0.020253164556962,0,0.251552795031056
"Crowsnest Lake",68.33333,-146.48333,513,527,6363,260,0.0193370165745856,0.00373134328358209,0.212686567164179
"Crowsnest Lake",68.33333,-146.48333,513,527,6472,270,0.0259179265658747,0,0.209726443768997
"Crowsnest Lake",68.33333,-146.48333,513,527,6527,275,0.0276073619631902,0,0.172972972972973
"Crowsnest Lake",68.33333,-146.48333,513,527,6581,280,0.0099009900990099,0.00409836065573771,0.204918032786885
"Crowsnest Lake",68.33333,-146.48333,513,527,6691,290,0.0159744408945687,0.00448430493273543,0.174887892376682
"Crowsnest Lake",68.33333,-146.48333,513,527,6811,301,0.0112044817927171,0,0.220779220779221
"Crowsnest Lake",68.33333,-146.48333,513,527,6909,310,0.0142857142857143,0,0.14336917562724
"Crowsnest Lake",68.33333,-146.48333,513,527,7018,320,0.0153846153846154,0.0176991150442478,0.265486725663717
"Crowsnest Lake",68.33333,-146.48333,513,527,7128,330,0.0234113712374582,0,0.373493975903614
"Crowsnest Lake",68.33333,-146.48333,513,527,7237,340,0.020671834625323,0.00483091787439614,0.323671497584541
"Crowsnest Lake",68.33333,-146.48333,513,527,7346,350,0.027190332326284,0,0.0643939393939394
"Crowsnest Lake",68.33333,-146.48333,513,527,7423,357,0.0148305084745763,0.0238805970149254,0.295522388059701
"Crowsnest Lake",68.33333,-146.48333,513,527,7565,370,0.0133333333333333,0,0.248
"Crowsnest Lake",68.33333,-146.48333,513,527,7674,380,0.0180722891566265,0.00763358778625954,0.133587786259542
"Crowsnest Lake",68.33333,-146.48333,513,527,7783,390,0.0115273775216138,0,0.117647058823529
"Crowsnest Lake",68.33333,-146.48333,513,527,7893,400,0.0318181818181818,0,0.181818181818182
"Crowsnest Lake",68.33333,-146.48333,513,527,7958,406,0.021671826625387,0.0136986301369863,0.136986301369863
"Crowsnest Lake",68.33333,-146.48333,513,527,8057,415,0.0222222222222222,0.00515463917525773,0.0206185567010309
"Crowsnest Lake",68.33333,-146.48333,513,527,8133,422,0.0461538461538462,0,0.0833333333333333
"Crowsnest Lake",68.33333,-146.48333,513,527,8166,425,0.0219298245614035,0,0.371212121212121
"Crowsnest Lake",68.33333,-146.48333,513,527,8177,426,0.0487804878048781,0.00757575757575758,0.136363636363636
"Crowsnest Lake",68.33333,-146.48333,513,527,8220,430,0.0305882352941176,0,0.0784313725490196
"Crowsnest Lake",68.33333,-146.48333,513,527,8330,440,0.0432276657060519,0.00454545454545455,0.0409090909090909
"Crowsnest Lake",68.33333,-146.48333,513,527,8439,450,0.0334928229665072,0.0340136054421769,0.054421768707483
"Crowsnest Lake",68.33333,-146.48333,513,527,8548,460,0.0321637426900585,0,0.0386266094420601
"Crowsnest Lake",68.33333,-146.48333,513,527,8712,475,0.0165745856353591,0.00432900432900433,0.0303030303030303
"Crowsnest Lake",68.33333,-146.48333,513,527,8876,490,0.0383386581469649,0.0154639175257732,0.0721649484536083
"Crowsnest Lake",68.33333,-146.48333,513,527,9040,505,0.0581395348837209,0,0.0273972602739726
"Crowsnest Lake",68.33333,-146.48333,513,527,9165,515,0.0228013029315961,0.00775193798449612,0.0232558139534884
"Crowsnest Lake",68.33333,-146.48333,513,527,9290,525,0.0285714285714286,0,0.01
"Crowsnest Lake",68.33333,-146.48333,513,527,9415,535,0.035031847133758,0,0
"Crowsnest Lake",68.33333,-146.48333,513,527,9615,551,0.0497237569060773,0.0346320346320346,0.00432900432900433
"Crowsnest Lake",68.33333,-146.48333,513,527,9727,560,0.0461095100864553,0.0195121951219512,0.0146341463414634
"Crowsnest Lake",68.33333,-146.48333,513,527,9914,575,0.0378151260504202,0.00980392156862745,0.0196078431372549
"Crowsnest Lake",68.33333,-146.48333,513,527,10102,590,0.0124223602484472,0.00995024875621891,0
"Crowsnest Lake",68.33333,-146.48333,513,527,10226,600,0.00611620795107034,0,0.00591715976331361
"Crowsnest Lake",68.33333,-146.48333,513,527,10351,610,0.0340557275541796,0.0240384615384615,0.00480769230769231
"Crowsnest Lake",68.33333,-146.48333,513,527,10476,620,0.0166204986149584,0.00680272108843537,0.00680272108843537
"Crowsnest Lake",68.33333,-146.48333,513,527,10601,630,0.0260869565217391,0.0188679245283019,0
"Crowsnest Lake",68.33333,-146.48333,513,527,10664,635,0.0272727272727273,0,0.0099009900990099
"Crowsnest Lake",68.33333,-146.48333,513,527,10851,650,0.023696682464455,0,0.00847457627118644
"Seagull Lake",68.26667,-145.21667,2271,2352,123,3,0.0103448275862069,0,0.380952380952381
"Seagull Lake",68.26667,-145.21667,2271,2352,411,10,0.0268817204301075,0,0.230769230769231
"Seagull Lake",68.26667,-145.21667,2271,2352,616,15,0,0,0.203125
"Seagull Lake",68.26667,-145.21667,2271,2352,1233,30,0.0350877192982456,0,0.2109375
"Seagull Lake",68.26667,-145.21667,2271,2352,1438,35,0.00900900900900901,0,0.251937984496124
"Seagull Lake",68.26667,-145.21667,2271,2352,2055,50,0.0114285714285714,0,0.283582089552239
"Seagull Lake",68.26667,-145.21667,2271,2352,2436,60,0.0299625468164794,0,0.304812834224599
"Seagull Lake",68.26667,-145.21667,2271,2352,2612,65,0.0253164556962025,0,0.21259842519685
"Seagull Lake",68.26667,-145.21667,2271,2352,2964,75,0.0252100840336134,0,0.325
"Seagull Lake",68.26667,-145.21667,2271,2352,3140,80,0.02,0,0.241025641025641
"Seagull Lake",68.26667,-145.21667,2271,2352,3316,85,0.0113636363636364,0,0.231818181818182
"Seagull Lake",68.26667,-145.21667,2271,2352,3492,90,0.0188679245283019,0,0.325757575757576
"Seagull Lake",68.26667,-145.21667,2271,2352,3844,100,0.024896265560166,0,0.279411764705882
"Seagull Lake",68.26667,-145.21667,2271,2352,4020,105,0.00809716599190283,0,0.308056872037915
"Seagull Lake",68.26667,-145.21667,2271,2352,4372,115,0.00442477876106195,0,0.35
"Seagull Lake",68.26667,-145.21667,2271,2352,4548,120,0.0127659574468085,0,0.311224489795918
"Seagull Lake",68.26667,-145.21667,2271,2352,4724,125,0.0172910662824208,0,0.243816254416961
"Seagull Lake",68.26667,-145.21667,2271,2352,5076,135,0.00515463917525773,0,0.264367816091954
"Seagull Lake",68.26667,-145.21667,2271,2352,5252,140,0.0126582278481013,0,0.244444444444444
"Seagull Lake",68.26667,-145.21667,2271,2352,5428,145,0.00790513833992095,0.00465116279069767,0.283720930232558
"Seagull Lake",68.26667,-145.21667,2271,2352,5780,155,0.0134831460674157,0,0.163316582914573
"Seagull Lake",68.26667,-145.21667,2271,2352,6355,160,0.0182648401826484,0.01,0.21
"Seagull Lake",68.26667,-145.21667,2271,2352,6930,165,0.0192307692307692,0.00699300699300699,0.237762237762238
"Seagull Lake",68.26667,-145.21667,2271,2352,7505,170,0.0138888888888889,0,0.172413793103448
"Seagull Lake",68.26667,-145.21667,2271,2352,8080,175,0.0269230769230769,0,0.379912663755459
"Seagull Lake",68.26667,-145.21667,2271,2352,8655,180,0.0160771704180064,0,0.244186046511628
"Seagull Lake",68.26667,-145.21667,2271,2352,9230,185,0.0128205128205128,0.0236220472440945,0.118110236220472
"Seagull Lake",68.26667,-145.21667,2271,2352,9535,190,0.0368421052631579,0.0151515151515152,0.00303030303030303
"Seagull Lake",68.26667,-145.21667,2271,2352,9840,195,0.0564263322884013,0.0185873605947955,0.00743494423791821
"Seagull Lake",68.26667,-145.21667,2271,2352,10145,200,0.050761421319797,0.00571428571428571,0
"Seagull Lake",68.26667,-145.21667,2271,2352,10755,210,0.100502512562814,0,0
"Seagull Lake",68.26667,-145.21667,2271,2352,11365,220,0.101910828025478,0.0114942528735632,0.00383141762452107
"Seagull Lake",68.26667,-145.21667,2271,2352,11975,230,0.05,0,0
"Seagull Lake",68.26667,-145.21667,2271,2352,12585,240,0.0529100529100529,0.0078740157480315,0.0078740157480315
"Seagull Lake",68.26667,-145.21667,2271,2352,13195,250,0.0796019900497512,0,0.00689655172413793
"Seagull Lake",68.26667,-145.21667,2271,2352,13805,260,0.0851063829787234,0,0
"Tukuto Lake",68.49686,-157.0356,10538,16238,18,1,0.0611439842209073,0,0.0563380281690141
"Tukuto Lake",68.49686,-157.0356,10538,16238,145,3,0.0379464285714286,0,0.0506329113924051
"Tukuto Lake",68.49686,-157.0356,10538,16238,273,5,0.00536193029490617,0,0.018450184501845
"Tukuto Lake",68.49686,-157.0356,10538,16238,400,7,0.0557184750733138,0,0
"Tukuto Lake",68.49686,-157.0356,10538,16238,528,9,0.0217864923747277,0,0.0508474576271186
"Tukuto Lake",68.49686,-157.0356,10538,16238,656,11,0.0218978102189781,0,0.0103448275862069
"Tukuto Lake",68.49686,-157.0356,10538,16238,785,13,0.0292397660818713,0,0.0127659574468085
"Tukuto Lake",68.49686,-157.0356,10538,16238,914,15,0.031390134529148,0,0.0189274447949527
"Tukuto Lake",68.49686,-157.0356,10538,16238,1041,17,0.0524861878453039,0,0.003584229390681
"Tukuto Lake",68.49686,-157.0356,10538,16238,1170,19,0.0612244897959184,0,0.0229885057471264
"Tukuto Lake",68.49686,-157.0356,10538,16238,1287,21,0.0650406504065041,0,0.0223048327137546
"Tukuto Lake",68.49686,-157.0356,10538,16238,1393,23,0.0560224089635854,0,0.0179856115107914
"Tukuto Lake",68.49686,-157.0356,10538,16238,1498,25,0.0304568527918782,0,0.00328947368421053
"Tukuto Lake",68.49686,-157.0356,10538,16238,1605,27,0.0415335463258786,0,0
"Tukuto Lake",68.49686,-157.0356,10538,16238,1820,31,0.0522388059701493,0,0
"Tukuto Lake",68.49686,-157.0356,10538,16238,1982,34,0.0556701030927835,0,0.0165289256198347
"Tukuto Lake",68.49686,-157.0356,10538,16238,2183,39,0.0626959247648903,0,0.0199203187250996
"Tukuto Lake",68.49686,-157.0356,10538,16238,2333,44,0.0430622009569378,0,0.0425531914893617
"Tukuto Lake",68.49686,-157.0356,10538,16238,2479,49,0.0691964285714286,0,0.0321637426900585
"Tukuto Lake",68.49686,-157.0356,10538,16238,2637,54,0.0593220338983051,0,0.0252707581227437
"Tukuto Lake",68.49686,-157.0356,10538,16238,2853,59,0.0784883720930233,0,0.0330578512396694
"Tukuto Lake",68.49686,-157.0356,10538,16238,3069,64,0.0561224489795918,0,0.0648464163822526
"Tukuto Lake",68.49686,-157.0356,10538,16238,3290,69,0.1,0,0.0259259259259259
"Tukuto Lake",68.49686,-157.0356,10538,16238,3510,74,0.0728862973760933,0,0.00823045267489712
"Tukuto Lake",68.49686,-157.0356,10538,16238,3729,79,0.0794701986754967,0,0.0357142857142857
"Tukuto Lake",68.49686,-157.0356,10538,16238,3955,84,0.0911949685534591,0,0.026431718061674
"Tukuto Lake",68.49686,-157.0356,10538,16238,4179,89,0.0451807228915663,0,0.0272373540856031
"Tukuto Lake",68.49686,-157.0356,10538,16238,4397,94,0.0185567010309278,0.00284900284900285,0.0199430199430199
"Tukuto Lake",68.49686,-157.0356,10538,16238,4612,99,0.0776699029126214,0,0.00309597523219814
"Tukuto Lake",68.49686,-157.0356,10538,16238,4828,104,0.0569948186528497,0,0.0195439739413681
"Tukuto Lake",68.49686,-157.0356,10538,16238,5016,109,0.0450928381962865,0,0.0323624595469256
"Tukuto Lake",68.49686,-157.0356,10538,16238,5203,114,0.0298507462686567,0,0.0119331742243437
"Tukuto Lake",68.49686,-157.0356,10538,16238,5388,119,0.0395778364116095,0,0.00355871886120996
"Tukuto Lake",68.49686,-157.0356,10538,16238,5586,124,0.0449438202247191,0,0.0122699386503068
"Tukuto Lake",68.49686,-157.0356,10538,16238,6840,134,0.045822102425876,0,0.0237154150197628
"Tukuto Lake",68.49686,-157.0356,10538,16238,7599,139,0.100313479623824,0,0.0515463917525773
"Tukuto Lake",68.49686,-157.0356,10538,16238,8254,144,0.0821529745042493,0,0.00836820083682008
"Tukuto Lake",68.49686,-157.0356,10538,16238,8753,149,0.151724137931034,0,0.00930232558139535
"Tukuto Lake",68.49686,-157.0356,10538,16238,9234,154,0.0828729281767956,0.0386740331491713,0.00552486187845304
"Tukuto Lake",68.49686,-157.0356,10538,16238,9698,159,0.0985576923076923,0,0
"Tukuto Lake",68.49686,-157.0356,10538,16238,10168,164,0.0947630922693267,0.00588235294117647,0.0117647058823529
"Tukuto Lake",68.49686,-157.0356,10538,16238,10629,169,0.110410094637224,0.0111731843575419,0.00558659217877095
"Tukuto Lake",68.49686,-157.0356,10538,16238,11104,174,0.112299465240642,0,0
"Tukuto Lake",68.49686,-157.0356,10538,16238,11577,179,0.162866449511401,0.0225563909774436,0
"Tukuto Lake",68.49686,-157.0356,10538,16238,12037,184,0.133928571428571,0,0
"Tukuto Lake",68.49686,-157.0356,10538,16238,12512,189,0.158064516129032,0.00606060606060606,0
"Tukuto Lake",68.49686,-157.0356,10538,16238,12985,194,0.10803324099723,0,0
"Tukuto Lake",68.49686,-157.0356,10538,16238,13462,199,0.127450980392157,0,0
"Tukuto Lake",68.49686,-157.0356,10538,16238,13934,204,0.172106824925816,0,0
"Tukuto Lake",68.49686,-157.0356,10538,16238,14391,209,0.267123287671233,0,0
"Tukuto Lake",68.49686,-157.0356,10538,16238,14836,214,0.200617283950617,0,0
"Tukuto Lake",68.49686,-157.0356,10538,16238,15108,219,0.213523131672598,0,0
"Tukuto Lake",68.49686,-157.0356,10538,16238,15333,224,0.325581395348837,0,0
"Tukuto Lake",68.49686,-157.0356,10538,16238,15771,234,0.278637770897833,0,0
"Tukuto Lake",68.49686,-157.0356,10538,16238,15999,239,0.369774919614148,0,0
"Tukuto Lake",68.49686,-157.0356,10538,16238,16306,244,0.241042345276873,0,0
"Tukuto Lake",68.49686,-157.0356,10538,16238,17561,249,0.182481751824818,0,0
"Tukuto Lake",68.49686,-157.0356,10538,16238,19110,254,0.0533333333333333,0,0.181818181818182
"Tukuto Lake",68.49686,-157.0356,10538,16238,20649,259,0.0433212996389892,0,0.0476190476190476
"Tukuto Lake",68.49686,-157.0356,10538,16238,22186,264,0.0510948905109489,0,0.0869565217391304
"Tukuto Lake",68.49686,-157.0356,10538,16238,23743,269,0.0753623188405797,0,0.0666666666666667
"Tukuto Lake",68.49686,-157.0356,10538,16238,25290,274,0.089171974522293,0,0
"Tukuto Lake",68.49686,-157.0356,10538,16238,26823,279,0.0742049469964664,0,0.0384615384615385
"Tukuto Lake",68.49686,-157.0356,10538,16238,27471,284,0.0363636363636364,0,0
"Tukuto Lake",68.49686,-157.0356,10538,16238,27908,289,0.180272108843537,0,0.0175438596491228
"Tukuto Lake",68.49686,-157.0356,10538,16238,28337,294,0.0955882352941176,0,0
"Tukuto Lake",68.49686,-157.0356,10538,16238,31333,329,0.104026845637584,0,0.0277777777777778
"Tukuto Lake",68.49686,-157.0356,10538,16238,33917,359,0.151815181518152,0,0
"Tukuto Lake",68.49686,-157.0356,10538,16238,34355,364,0.169014084507042,0,0.0192307692307692
"Tukuto Lake",68.49686,-157.0356,10538,16238,34775,369,0.0980392156862745,0,0.0238095238095238
"Tukuto Lake",68.49686,-157.0356,10538,16238,35188,379,0.0911949685534591,0,0
"Tukuto Lake",68.49686,-157.0356,10538,16238,35596,384,0.0940438871473354,0,0
"Kaiyak Lake",68.15,-161.41667,1396,1432,0,0,0.0140845070422535,0.0164473684210526,0.0427631578947368
"Kaiyak Lake",68.15,-161.41667,1396,1432,1047,5,0.0219298245614035,0.0113314447592068,0.0509915014164306
"Kaiyak Lake",68.15,-161.41667,1396,1432,2093,10,0.0447761194029851,0.012012012012012,0.0540540540540541
"Kaiyak Lake",68.15,-161.41667,1396,1432,3578,20,0.017353579175705,0.00302114803625378,0.0574018126888218
"Kaiyak Lake",68.15,-161.41667,1396,1432,4455,30,0.0253807106598985,0.0183823529411765,0.0220588235294118
"Kaiyak Lake",68.15,-161.41667,1396,1432,5331,40,0.0323325635103926,0.015625,0.03125
"Kaiyak Lake",68.15,-161.41667,1396,1432,6207,50,0.0248138957816377,0.00940438871473354,0.0188087774294671
"Kaiyak Lake",68.15,-161.41667,1396,1432,6821,57,0.018058690744921,0.0113960113960114,0.00854700854700855
"Kaiyak Lake",68.15,-161.41667,1396,1432,7785,68,0.0197530864197531,0,0.018348623853211
"Kaiyak Lake",68.15,-161.41667,1396,1432,8198,78,0.036231884057971,0.00303951367781155,0.0060790273556231
"Kaiyak Lake",68.15,-161.41667,1396,1432,8495,88,0.0258215962441315,0.0130293159609121,0.00325732899022801
"Kaiyak Lake",68.15,-161.41667,1396,1432,8792,98,0.0284237726098191,0,0.00348432055749129
"Kaiyak Lake",68.15,-161.41667,1396,1432,9664,108,0.0177215189873418,0.00666666666666667,0.00333333333333333
"Kaiyak Lake",68.15,-161.41667,1396,1432,11113,118,0.072992700729927,0,0
"Kaiyak Lake",68.15,-161.41667,1396,1432,12562,128,0.11138014527845,0,0
"Kaiyak Lake",68.15,-161.41667,1396,1432,14010,138,0.0421836228287841,0.0078125,0.00390625
"Kaiyak Lake",68.15,-161.41667,1396,1432,14582,148,0.153061224489796,0,0
"Kaiyak Lake",68.15,-161.41667,1396,1432,14969,159,0.0619469026548673,0,0
"Kaiyak Lake",68.15,-161.41667,1396,1432,15320,169,0.0906515580736544,0.0392156862745098,0.0196078431372549
"Kaiyak Lake",68.15,-161.41667,1396,1432,15672,179,0.0858585858585859,0.181818181818182,0
"Kaiyak Lake",68.15,-161.41667,1396,1432,16024,189,0.0950226244343891,0.125,0
"Kaiyak Lake",68.15,-161.41667,1396,1432,16411,200,0.0811594202898551,0.0606060606060606,0
"Kaiyak Lake",68.15,-161.41667,1396,1432,16728,209,0.0594059405940594,0,0
"Kaiyak Lake",68.15,-161.41667,1396,1432,17080,219,0.0562770562770563,0,0
"Kaiyak Lake",68.15,-161.41667,1396,1432,17467,230,0.0830670926517572,0,0
"Kaiyak Lake",68.15,-161.41667,1396,1432,17995,245,0.0562770562770563,0,0
"Kaiyak Lake",68.15,-161.41667,1396,1432,18347,255,0.0436507936507936,0,0
"Kaiyak Lake",68.15,-161.41667,1396,1432,18699,265,0.0579268292682927,0,0.08
"Kaiyak Lake",68.15,-161.41667,1396,1432,19051,275,0.0491071428571429,0,0.142857142857143
"Kaiyak Lake",68.15,-161.41667,1396,1432,19403,285,0.0722433460076046,0,0.0434782608695652
"Kaiyak Lake",68.15,-161.41667,1396,1432,19754,295,0.00925925925925926,0,0.2
"Kaiyak Lake",68.15,-161.41667,1396,1432,20106,305,0.0534979423868313,0,0.0625
"Kaiyak Lake",68.15,-161.41667,1396,1432,20458,315,0.0950819672131148,0,0
"Kaiyak Lake",68.15,-161.41667,1396,1432,20810,325,0.0687022900763359,0.107142857142857,0.107142857142857
"Kaiyak Lake",68.15,-161.41667,1396,1432,21338,340,0.04296875,0.0476190476190476,0.0476190476190476
"Kaiyak Lake",68.15,-161.41667,1396,1432,21690,350,0.0575916230366492,0,0.0192307692307692
"Kaiyak Lake",68.15,-161.41667,1396,1432,22647,360,0.0692307692307692,0.208333333333333,0
"Kaiyak Lake",68.15,-161.41667,1396,1432,23604,370,0.04,0,0
"Kaiyak Lake",68.15,-161.41667,1396,1432,24561,380,0.0804020100502513,0.0909090909090909,0
"Kaiyak Lake",68.15,-161.41667,1396,1432,25996,395,0.0288461538461538,0,0
"Kaiyak Lake",68.15,-161.41667,1396,1432,26953,405,0.0414012738853503,0.214285714285714,0
"Kaiyak Lake",68.15,-161.41667,1396,1432,27910,415,0.0454545454545455,0,0
"Kaiyak Lake",68.15,-161.41667,1396,1432,28867,425,0.0537190082644628,0,0
"Kaiyak Lake",68.15,-161.41667,1396,1432,29823,435,0.067741935483871,0.0540540540540541,0
"Kaiyak Lake",68.15,-161.41667,1396,1432,30780,445,0.0717488789237668,0,0
"Kaiyak Lake",68.15,-161.41667,1396,1432,31737,455,0.0759493670886076,0.0869565217391304,0
"Kaiyak Lake",68.15,-161.41667,1396,1432,32694,465,0.0942760942760943,0.0701754385964912,0
"Kaiyak Lake",68.15,-161.41667,1396,1432,34608,485,0.0446428571428571,0.0833333333333333,0
"Kaiyak Lake",68.15,-161.41667,1396,1432,35565,495,0.0700934579439252,0,0
"Kaiyak Lake",68.15,-161.41667,1396,1432,36522,505,0.0705521472392638,0,0.0344827586206897
"Kaiyak Lake",68.15,-161.41667,1396,1432,37478,515,0.0758293838862559,0,0
"Kaiyak Lake",68.15,-161.41667,1396,1432,38435,525,0.0625,0,0
"Kaiyak Lake",68.15,-161.41667,1396,1432,39392,535,0.0890804597701149,0,0
"Niliq Lake",67.86667,-160.43333,1748,1806,1176,7,0.0361111111111111,0,0.0601503759398496
"Niliq Lake",67.86667,-160.43333,1748,1806,1680,10,0.00544959128065395,0,0.0264026402640264
"Niliq Lake",67.86667,-160.43333,1748,1806,2794,20,0.0116959064327485,0,0.0290909090909091
"Niliq Lake",67.86667,-160.43333,1748,1806,3341,30,0.0140056022408964,0,0.0137931034482759
"Niliq Lake",67.86667,-160.43333,1748,1806,3888,40,0.0341614906832298,0,0.0249110320284698
"Niliq Lake",67.86667,-160.43333,1748,1806,4435,50,0.0263157894736842,0,0.0185185185185185
"Niliq Lake",67.86667,-160.43333,1748,1806,4982,60,0.0112866817155756,0,0.0161725067385445
"Niliq Lake",67.86667,-160.43333,1748,1806,5529,70,0.00643086816720257,0,0.0121457489878543
"Niliq Lake",67.86667,-160.43333,1748,1806,6076,80,0.00523560209424084,0,0.00289855072463768
"Niliq Lake",67.86667,-160.43333,1748,1806,6350,85,0,0,0.00252525252525253
"Niliq Lake",67.86667,-160.43333,1748,1806,6604,90,0.0180722891566265,0.00355871886120996,0
"Niliq Lake",67.86667,-160.43333,1748,1806,6858,95,0.0101010101010101,0,0.00302114803625378
"Niliq Lake",67.86667,-160.43333,1748,1806,7112,100,0.00553505535055351,0.00208333333333333,0.00208333333333333
"Niliq Lake",67.86667,-160.43333,1748,1806,7620,110,0.00581395348837209,0,0
"Niliq Lake",67.86667,-160.43333,1748,1806,8128,120,0.028328611898017,0,0.0037037037037037
"Niliq Lake",67.86667,-160.43333,1748,1806,8636,130,0.0186915887850467,0,0
"Niliq Lake",67.86667,-160.43333,1748,1806,8839,134,0.0182370820668693,0.0112994350282486,0
"Niliq Lake",67.86667,-160.43333,1748,1806,8980,140,0.0308988764044944,0.00540540540540541,0.0108108108108108
"Niliq Lake",67.86667,-160.43333,1748,1806,9161,150,0.0194174757281553,0,0
"Niliq Lake",67.86667,-160.43333,1748,1806,9342,160,0.021978021978022,0,0.0121951219512195
"Niliq Lake",67.86667,-160.43333,1748,1806,9523,170,0.0332409972299169,0.00980392156862745,0.00490196078431373
"Niliq Lake",67.86667,-160.43333,1748,1806,9704,180,0.0544412607449857,0,0.00956937799043062
"Niliq Lake",67.86667,-160.43333,1748,1806,9885,190,0.0498533724340176,0.0184331797235023,0
"Niliq Lake",67.86667,-160.43333,1748,1806,10066,200,0.0371428571428571,0.0133928571428571,0.00446428571428571
"Niliq Lake",67.86667,-160.43333,1748,1806,10247,210,0.0431034482758621,0.0265957446808511,0
"Niliq Lake",67.86667,-160.43333,1748,1806,10428,220,0.0625,0.00458715596330275,0
"Niliq Lake",67.86667,-160.43333,1748,1806,10609,230,0.0504451038575668,0.0375586854460094,0
"Niliq Lake",67.86667,-160.43333,1748,1806,10681,234,0.053475935828877,0.0829268292682927,0
"Niliq Lake",67.86667,-160.43333,1748,1806,10790,240,0.1,0.0796812749003984,0
"Niliq Lake",67.86667,-160.43333,1748,1806,10880,245,0.117117117117117,0.05,0.005
"Niliq Lake",67.86667,-160.43333,1748,1806,11050,250,0.0985074626865672,0.00917431192660551,0
"Niliq Lake",67.86667,-160.43333,1748,1806,11391,260,0.0497076023391813,0,0
"Niliq Lake",67.86667,-160.43333,1748,1806,11732,270,0.0601719197707736,0.00523560209424084,0
"Niliq Lake",67.86667,-160.43333,1748,1806,12073,280,0.0535714285714286,0,0
"Niliq Lake",67.86667,-160.43333,1748,1806,12414,290,0.0549132947976879,0,0
"Niliq Lake",67.86667,-160.43333,1748,1806,12755,300,0.0344827586206897,0,0
"Niliq Lake",67.86667,-160.43333,1748,1806,13096,310,0.106194690265487,0,0
"Niliq Lake",67.86667,-160.43333,1748,1806,13266,315,0.0262390670553936,0,0
"Niliq Lake",67.86667,-160.43333,1748,1806,13437,320,0.148541114058355,0,0
"Niliq Lake",67.86667,-160.43333,1748,1806,13607,325,0.0778894472361809,0.024390243902439,0.024390243902439
"Niliq Lake",67.86667,-160.43333,1748,1806,13778,330,0.0953757225433526,0,0.0285714285714286
"Niliq Lake",67.86667,-160.43333,1748,1806,14050,338,0.139364303178484,0,0.0158730158730159
"Etivlik Lake",68.13333,-156.03333,790,811,118,1,0.0227920227920228,0,0.0872727272727273
"Etivlik Lake",68.13333,-156.03333,790,811,591,5,0.00808625336927224,0,0.0952380952380952
"Etivlik Lake",68.13333,-156.03333,790,811,1183,10,0.0149253731343284,0,0.111888111888112
"Etivlik Lake",68.13333,-156.03333,790,811,2366,20,0.0202312138728324,0,0.0888888888888889
"Etivlik Lake",68.13333,-156.03333,790,811,3549,30,0.0112994350282486,0,0.0942028985507246
"Etivlik Lake",68.13333,-156.03333,790,811,4587,40,0.0158730158730159,0.00331125827814569,0.0827814569536424
"Etivlik Lake",68.13333,-156.03333,790,811,5480,50,0.00617283950617284,0.00359712230215827,0.0251798561151079
"Etivlik Lake",68.13333,-156.03333,790,811,6373,60,0.020997375328084,0,0.0157232704402516
"Etivlik Lake",68.13333,-156.03333,790,811,7267,70,0.00302114803625378,0,0.0141342756183746
"Etivlik Lake",68.13333,-156.03333,790,811,8160,80,0.0148809523809524,0.0120967741935484,0.0201612903225806
"Etivlik Lake",68.13333,-156.03333,790,811,8354,85,0.0134048257372654,0.00411522633744856,0.0740740740740741
"Etivlik Lake",68.13333,-156.03333,790,811,8548,90,0.0145985401459854,0.00643086816720257,0.045016077170418
"Etivlik Lake",68.13333,-156.03333,790,811,8742,95,0.0334645669291339,0.0108695652173913,0.0108695652173913
"Etivlik Lake",68.13333,-156.03333,790,811,8937,100,0.0524590163934426,0.0558139534883721,0.00465116279069767
"Etivlik Lake",68.13333,-156.03333,790,811,9325,110,0.0564971751412429,0,0
"Etivlik Lake",68.13333,-156.03333,790,811,9713,120,0.0457142857142857,0.0269058295964126,0
"Etivlik Lake",68.13333,-156.03333,790,811,10101,130,0.0919881305637982,0,0
"Etivlik Lake",68.13333,-156.03333,790,811,10490,140,0.0512820512820513,0,0
"Etivlik Lake",68.13333,-156.03333,790,811,10878,150,0.056379821958457,0,0
"Etivlik Lake",68.13333,-156.03333,790,811,12431,190,0.045016077170418,0,0
"Etivlik Lake",68.13333,-156.03333,790,811,12819,200,0.0440097799511002,0,0.00495049504950495
"Etivlik Lake",68.13333,-156.03333,790,811,13596,220,0.0647249190938511,0,0.00666666666666667
"Etivlik Lake",68.13333,-156.03333,790,811,13984,230,0.0648967551622419,0,0.0075187969924812
"Headwaters Lake",67.93333,-155.05,992,1024,0,0,0.0296052631578947,0,0.0821256038647343
"Headwaters Lake",67.93333,-155.05,992,1024,257,4,0.0482315112540193,0,0.0649350649350649
"Headwaters Lake",67.93333,-155.05,992,1024,745,12,0.0333333333333333,0,0.0769230769230769
"Headwaters Lake",67.93333,-155.05,992,1024,1199,20,0.0402684563758389,0,0.0720338983050847
"Headwaters Lake",67.93333,-155.05,992,1024,1923,34,0.0440677966101695,0,0.0611353711790393
"Headwaters Lake",67.93333,-155.05,992,1024,2479,46,0.0292207792207792,0,0.047008547008547
"Headwaters Lake",67.93333,-155.05,992,1024,2820,54,0.027027027027027,0,0.0546218487394958
"Headwaters Lake",67.93333,-155.05,992,1024,3296,66,0.0163934426229508,0,0.0509803921568627
"Headwaters Lake",67.93333,-155.05,992,1024,3593,74,0.0317460317460317,0,0.0541666666666667
"Headwaters Lake",67.93333,-155.05,992,1024,3875,82,0.0198675496688742,0,0.0781893004115226
"Headwaters Lake",67.93333,-155.05,992,1024,4279,94,0.0253164556962025,0,0.0518518518518519
"Headwaters Lake",67.93333,-155.05,992,1024,4538,102,0.0128205128205128,0,0.0116279069767442
"Headwaters Lake",67.93333,-155.05,992,1024,4792,110,0.0133779264214047,0,0.0436507936507937
"Headwaters Lake",67.93333,-155.05,992,1024,5043,118,0.0133333333333333,0,0.0277777777777778
"Headwaters Lake",67.93333,-155.05,992,1024,5420,130,0.0130718954248366,0,0.0502092050209205
"Headwaters Lake",67.93333,-155.05,992,1024,5806,142,0.0159235668789809,0,0.0220588235294118
"Headwaters Lake",67.93333,-155.05,992,1024,6071,150,0.0125,0,0.00359712230215827
"Headwaters Lake",67.93333,-155.05,992,1024,6489,162,0.00977198697068404,0,0.0247349823321555
"Headwaters Lake",67.93333,-155.05,992,1024,6784,170,0.0228758169934641,0,0.00409836065573771
"Headwaters Lake",67.93333,-155.05,992,1024,7257,182,0.0324675324675325,0,0.02
"Headwaters Lake",67.93333,-155.05,992,1024,7596,190,0.0304054054054054,0,0.00873362445414847
"Headwaters Lake",67.93333,-155.05,992,1024,7958,198,0.0466666666666667,0,0
"Headwaters Lake",67.93333,-155.05,992,1024,8345,206,0.0426229508196721,0.0155038759689922,0
"Headwaters Lake",67.93333,-155.05,992,1024,8976,218,0.0160771704180064,0,0
"Headwaters Lake",67.93333,-155.05,992,1024,9435,226,0.0462046204620462,0,0
"Headwaters Lake",67.93333,-155.05,992,1024,9928,234,0.0687285223367698,0,0
"Headwaters Lake",67.93333,-155.05,992,1024,10457,242,0.0730897009966777,0,0
"Headwaters Lake",67.93333,-155.05,992,1024,11024,250,0.0385852090032154,0,0
"Headwaters Lake",67.93333,-155.05,992,1024,11631,258,0.123333333333333,0,0
"Headwaters Lake",67.93333,-155.05,992,1024,11951,262,0.217687074829932,0.0357142857142857,0
"Redondo Lake",67.68333,-155.03333,1974,2047,2,0,0.0231788079470199,0,0.0706713780918728
"Redondo Lake",67.68333,-155.03333,1974,2047,165,3,0.0178571428571429,0,0.0298013245033113
"Redondo Lake",67.68333,-155.03333,1974,2047,328,6,0.0216049382716049,0,0.0574324324324324
"Redondo Lake",67.68333,-155.03333,1974,2047,500,9,0.0126984126984127,0,0.052434456928839
"Redondo Lake",67.68333,-155.03333,1974,2047,672,12,0.0219435736677116,0,0.0676691729323308
"Redondo Lake",67.68333,-155.03333,1974,2047,846,15,0.0126984126984127,0,0.108614232209738
"Redondo Lake",67.68333,-155.03333,1974,2047,1019,18,0.0208333333333333,0,0.0657894736842105
"Redondo Lake",67.68333,-155.03333,1974,2047,1190,21,0.0173160173160173,0,0.111627906976744
"Redondo Lake",67.68333,-155.03333,1974,2047,1359,24,0.0114613180515759,0,0.0729483282674772
"Redondo Lake",67.68333,-155.03333,1974,2047,1517,27,0.00974025974025974,0.00338983050847458,0.0203389830508475
"Redondo Lake",67.68333,-155.03333,1974,2047,1802,33,0.0192926045016077,0,0.0505415162454874
"Redondo Lake",67.68333,-155.03333,1974,2047,2083,39,0.00313479623824451,0,0.04
"Redondo Lake",67.68333,-155.03333,1974,2047,2511,48,0.0256410256410256,0,0.024390243902439
"Redondo Lake",67.68333,-155.03333,1974,2047,3082,60,0.00668896321070234,0,0
"Redondo Lake",67.68333,-155.03333,1974,2047,3365,66,0.0301003344481605,0.003584229390681,0.028673835125448
"Redondo Lake",67.68333,-155.03333,1974,2047,3636,72,0.00925925925925926,0,0.0551724137931034
"Redondo Lake",67.68333,-155.03333,1974,2047,4201,84,0.00952380952380952,0,0.0032258064516129
"Redondo Lake",67.68333,-155.03333,1974,2047,4529,96,0.00579710144927536,0,0.00892857142857143
"Redondo Lake",67.68333,-155.03333,1974,2047,4808,102,0.0184049079754601,0,0.0459016393442623
"Redondo Lake",67.68333,-155.03333,1974,2047,5086,108,0.00958466453674121,0,0.00324675324675325
"Redondo Lake",67.68333,-155.03333,1974,2047,5625,120,0.01875,0,0.0465116279069767
"Redondo Lake",67.68333,-155.03333,1974,2047,5894,126,0.00315457413249211,0,0.0169491525423729
"Redondo Lake",67.68333,-155.03333,1974,2047,6030,129,0.028125,0,0.0202702702702703
"Redondo Lake",67.68333,-155.03333,1974,2047,6163,132,0.0185758513931889,0,0.0160771704180064
"Redondo Lake",67.68333,-155.03333,1974,2047,6434,138,0.0313479623824451,0,0.00641025641025641
"Screaming Yellowlegs Pond",67.58333,-151.41667,2270,2351,530,0,0.0089086859688196,0,0.153266331658291
"Screaming Yellowlegs Pond",67.58333,-151.41667,2270,2351,987,7,0.0197693574958814,0.00189393939393939,0.15719696969697
"Screaming Yellowlegs Pond",67.58333,-151.41667,2270,2351,1795,19,0.0315581854043393,0.00229357798165138,0.197247706422018
"Screaming Yellowlegs Pond",67.58333,-151.41667,2270,2351,2375,28,0.0297297297297297,0.00593471810089021,0.148367952522255
"Screaming Yellowlegs Pond",67.58333,-151.41667,2270,2351,3100,38,0.0229445506692161,0,0.0995575221238938
"Screaming Yellowlegs Pond",67.58333,-151.41667,2270,2351,3827,48,0.00684931506849315,0.0018796992481203,0.184210526315789
"Screaming Yellowlegs Pond",67.58333,-151.41667,2270,2351,4540,58,0.0135363790186125,0,0.0748175182481752
"Screaming Yellowlegs Pond",67.58333,-151.41667,2270,2351,5255,68,0.00536672629695885,0,0.0849056603773585
"Screaming Yellowlegs Pond",67.58333,-151.41667,2270,2351,5965,78,0.0147679324894515,0,0.0423162583518931
"Screaming Yellowlegs Pond",67.58333,-151.41667,2270,2351,6582,88,0.00892857142857143,0,0.0398126463700234
"Screaming Yellowlegs Pond",67.58333,-151.41667,2270,2351,6869,93,0.014344262295082,0.00643776824034335,0.0622317596566524
"Screaming Yellowlegs Pond",67.58333,-151.41667,2270,2351,7155,98,0.00967741935483871,0,0.0423011844331641
"Screaming Yellowlegs Pond",67.58333,-151.41667,2270,2351,7433,103,0.0116618075801749,0,0.0588235294117647
"Screaming Yellowlegs Pond",67.58333,-151.41667,2270,2351,7708,108,0.019672131147541,0,0.0817843866171004
"Screaming Yellowlegs Pond",67.58333,-151.41667,2270,2351,7919,112,0.0130718954248366,0.00505050505050505,0.166666666666667
"Screaming Yellowlegs Pond",67.58333,-151.41667,2270,2351,8072,115,0.0141843971631206,0,0.16
"Screaming Yellowlegs Pond",67.58333,-151.41667,2270,2351,8329,120,0.031055900621118,0.0387323943661972,0.176056338028169
"Screaming Yellowlegs Pond",67.58333,-151.41667,2270,2351,8489,125,0.0292887029288703,0.00240384615384615,0.204326923076923
"Screaming Yellowlegs Pond",67.58333,-151.41667,2270,2351,8650,130,0.00359712230215827,0.0149812734082397,0.198501872659176
"Screaming Yellowlegs Pond",67.58333,-151.41667,2270,2351,8854,135,0.0581717451523546,0.00357142857142857,0.0821428571428572
"Screaming Yellowlegs Pond",67.58333,-151.41667,2270,2351,9061,140,0.0130718954248366,0.021505376344086,0.010752688172043
"Screaming Yellowlegs Pond",67.58333,-151.41667,2270,2351,10290,150,0.0617977528089888,0.0273037542662116,0.00341296928327645
"Screaming Yellowlegs Pond",67.58333,-151.41667,2270,2351,11274,160,0.078125,0.0811808118081181,0
"Screaming Yellowlegs Pond",67.58333,-151.41667,2270,2351,11600,170,0.0538922155688623,0.119909502262443,0
"Screaming Yellowlegs Pond",67.58333,-151.41667,2270,2351,11927,180,0.0638297872340425,0.110726643598616,0
"Screaming Yellowlegs Pond",67.58333,-151.41667,2270,2351,12239,190,0.0615141955835962,0.0300884955752212,0
"Screaming Yellowlegs Pond",67.58333,-151.41667,2270,2351,12481,200,0.140883977900552,0,0
"Screaming Yellowlegs Pond",67.58333,-151.41667,2270,2351,12780,212,0.0450236966824645,0,0
"Screaming Yellowlegs Pond",67.58333,-151.41667,2270,2351,12983,220,0.0494791666666667,0,0
"Screaming Yellowlegs Pond",67.58333,-151.41667,2270,2351,13251,230,0.0538243626062323,0,0
"Screaming Yellowlegs Pond",67.58333,-151.41667,2270,2351,13934,240,0.0213776722090261,0,0
"Screaming Yellowlegs Pond",67.58333,-151.41667,2270,2351,14663,250,0.077834179357022,0,0
"Screaming Yellowlegs Pond",67.58333,-151.41667,2270,2351,14663,260,0.125211505922166,0,0
"Screaming Yellowlegs Pond",67.58333,-151.41667,2270,2351,15372,270,0.236363636363636,0,0
"Screaming Yellowlegs Pond",67.58333,-151.41667,2270,2351,16063,280,0.194174757281553,0,0
"Screaming Yellowlegs Pond",67.58333,-151.41667,2270,2351,16749,290,0.242524916943522,0,0.0123456790123457
"Screaming Yellowlegs Pond",67.58333,-151.41667,2270,2351,17441,300,0.176079734219269,0,0.0547945205479452
"Sakana Lake",67.43333,-147.85,2245,2324,227,2,0.0463576158940397,0,0.289398280802292
"Sakana Lake",67.43333,-147.85,2245,2324,1136,10,0.0300751879699248,0,0.101010101010101
"Sakana Lake",67.43333,-147.85,2245,2324,2271,20,0.0219512195121951,0.00282485875706215,0.34180790960452
"Sakana Lake",67.43333,-147.85,2245,2324,3407,30,0.0303030303030303,0,0.339130434782609
"Sakana Lake",67.43333,-147.85,2245,2324,4542,40,0.0207792207792208,0,0.474431818181818
"Sakana Lake",67.43333,-147.85,2245,2324,5308,50,0.016,0,0.32183908045977
"Sakana Lake",67.43333,-147.85,2245,2324,6098,70,0.0194444444444444,0,0.300595238095238
"Sakana Lake",67.43333,-147.85,2245,2324,6492,80,0.00550964187327824,0,0.234957020057307
"Sakana Lake",67.43333,-147.85,2245,2324,7018,90,0.0349127182044888,0,0.293296089385475
"Sakana Lake",67.43333,-147.85,2245,2324,7674,100,0.025,0,0.341296928327645
"Sakana Lake",67.43333,-147.85,2245,2324,8002,105,0.0302325581395349,0,0.232189973614776
"Sakana Lake",67.43333,-147.85,2245,2324,8330,110,0.0331491712707182,0.00308641975308642,0.037037037037037
"Sakana Lake",67.43333,-147.85,2245,2324,8482,115,0.115492957746479,0.0501567398119122,0
"Sakana Lake",67.43333,-147.85,2245,2324,8786,125,0.170087976539589,0.0404040404040404,0
"Sakana Lake",67.43333,-147.85,2245,2324,9091,135,0.105095541401274,0.205035971223022,0
"Sakana Lake",67.43333,-147.85,2245,2324,9395,145,0.0970873786407767,0.107438016528926,0.00413223140495868
"Sakana Lake",67.43333,-147.85,2245,2324,9699,155,0.116822429906542,0.46078431372549,0.00490196078431373
"Sakana Lake",67.43333,-147.85,2245,2324,11069,200,0.170520231213873,0.199288256227758,0.00711743772241993
"Sakana Lake",67.43333,-147.85,2245,2324,12742,255,0.151898734177215,0,0
"Sakana Lake",67.43333,-147.85,2245,2324,13046,265,0.0903954802259887,0,0
"Redstone Lake",67.25,-152.6,1977,2050,0,0,0.00934579439252336,0,0.151515151515152
"Redstone Lake",67.25,-152.6,1977,2050,371,5,0.00323624595469256,0,0.0748031496062992
"Redstone Lake",67.25,-152.6,1977,2050,1114,15,0.00332225913621262,0,0.110687022900763
"Redstone Lake",67.25,-152.6,1977,2050,1485,20,0.00964630225080386,0,0.113074204946996
"Redstone Lake",67.25,-152.6,1977,2050,2227,30,0.0231788079470199,0.0078740157480315,0.102362204724409
"Redstone Lake",67.25,-152.6,1977,2050,2969,40,0.00986842105263158,0,0.0775193798449612
"Redstone Lake",67.25,-152.6,1977,2050,4083,55,0.00920245398773006,0.0154440154440154,0.0733590733590734
"Redstone Lake",67.25,-152.6,1977,2050,4825,65,0.0137931034482759,0,0.0934959349593496
"Redstone Lake",67.25,-152.6,1977,2050,5939,80,0.00970873786407767,0,0.0648854961832061
"Redstone Lake",67.25,-152.6,1977,2050,6420,90,0.00649350649350649,0,0.043956043956044
"Redstone Lake",67.25,-152.6,1977,2050,6750,105,0.00967741935483871,0,0.0245614035087719
"Redstone Lake",67.25,-152.6,1977,2050,6970,115,0.00917431192660551,0,0.0197368421052632
"Redstone Lake",67.25,-152.6,1977,2050,7190,125,0,0,0.0211267605633803
"Redstone Lake",67.25,-152.6,1977,2050,7410,135,0.00946372239747634,0,0.0215827338129496
"Redstone Lake",67.25,-152.6,1977,2050,7630,145,0.00324675324675325,0,0.0181818181818182
"Redstone Lake",67.25,-152.6,1977,2050,7850,155,0.00647249190938511,0,0.0464285714285714
"Redstone Lake",67.25,-152.6,1977,2050,7892,160,0.0117302052785924,0,0.035031847133758
"Redstone Lake",67.25,-152.6,1977,2050,7933,165,0.00967741935483871,0,0.107438016528926
"Redstone Lake",67.25,-152.6,1977,2050,7975,170,0.0253968253968254,0,0.0539568345323741
"Redstone Lake",67.25,-152.6,1977,2050,8017,175,0.0162866449511401,0,0.07421875
"Redstone Lake",67.25,-152.6,1977,2050,8059,180,0.00328947368421053,0.00408163265306122,0.0285714285714286
"Redstone Lake",67.25,-152.6,1977,2050,8142,190,0.0297029702970297,0.004149377593361,0.024896265560166
"Redstone Lake",67.25,-152.6,1977,2050,8225,200,0.0126182965299685,0.00390625,0.046875
"Redstone Lake",67.25,-152.6,1977,2050,8309,210,0.0164473684210526,0.00826446280991736,0.0289256198347107
"Redstone Lake",67.25,-152.6,1977,2050,8476,230,0.0337837837837838,0.0358565737051793,0.00398406374501992
"Redstone Lake",67.25,-152.6,1977,2050,8684,255,0.0468227424749164,0.110619469026549,0
"Redstone Lake",67.25,-152.6,1977,2050,8893,280,0.156351791530945,0.00917431192660551,0
"Redstone Lake",67.25,-152.6,1977,2050,9101,305,0.128712871287129,0,0.00497512437810945
"Redstone Lake",67.25,-152.6,1977,2050,9310,330,0.0404040404040404,0.0091324200913242,0
"Redstone Lake",67.25,-152.6,1977,2050,9518,355,0.0341296928327645,0,0
"Redstone Lake",67.25,-152.6,1977,2050,9727,380,0.0610169491525424,0,0
"Redstone Lake",67.25,-152.6,1977,2050,9935,405,0.0702875399361022,0.00881057268722467,0
"Redstone Lake",67.25,-152.6,1977,2050,10102,425,0.0766666666666667,0.0043859649122807,0
"Redstone Lake",67.25,-152.6,1977,2050,10352,455,0.0679611650485437,0,0
"Redstone Lake",67.25,-152.6,1977,2050,10561,480,0.0271186440677966,0,0
"Redstone Lake",67.25,-152.6,1977,2050,10769,505,0.0936454849498328,0.00446428571428571,0
"Redstone Lake",67.25,-152.6,1977,2050,10978,530,0.102389078498294,0,0
"Redstone Lake",67.25,-152.6,1977,2050,11186,555,0.11371237458194,0.0397727272727273,0
"Redstone Lake",67.25,-152.6,1977,2050,11603,605,0.111888111888112,0,0.00598802395209581
"Redstone Lake",67.25,-152.6,1977,2050,11770,625,0.181818181818182,0.03125,0
"Redstone Lake",67.25,-152.6,1977,2050,11978,650,0.194871794871795,0.0833333333333333,0
"Redstone Lake",67.25,-152.6,1977,2050,12229,680,0.185929648241206,0,0.0212765957446809
"Redstone Lake",67.25,-152.6,1977,2050,12396,700,0.333333333333333,0.0142857142857143,0
"Redstone Lake",67.25,-152.6,1977,2050,12646,730,0.157360406091371,0.0277777777777778,0
"Redstone Lake",67.25,-152.6,1977,2050,13021,775,0.2,0.0408163265306122,0.0408163265306122
"Redstone Lake",67.25,-152.6,1977,2050,13230,800,0.183673469387755,0.0930232558139535,0
"Redstone Lake",67.25,-152.6,1977,2050,13438,825,0.0993788819875776,0,0.04
"Redstone Lake",67.25,-152.6,1977,2050,13647,850,0.0876288659793814,0.125,0
"Redstone Lake",67.25,-152.6,1977,2050,13855,875,0.0721649484536082,0.0555555555555556,0
"Redstone Lake",67.25,-152.6,1977,2050,14064,900,0.0479452054794521,0,0.133333333333333
"Xindi Lake",67.110754,-152.492202,10102,15189,-53,0,0.018348623853211,0.00247524752475248,0.735148514851485
"Xindi Lake",67.110754,-152.492202,10102,15189,358,4,0.0160550458715596,0,0.267379679144385
"Xindi Lake",67.110754,-152.492202,10102,15189,776,8,0.00806451612903226,0,0.257990867579909
"Xindi Lake",67.110754,-152.492202,10102,15189,1364,12,0.0169014084507042,0,0.174193548387097
"Xindi Lake",67.110754,-152.492202,10102,15189,2124,16,0.0187353629976581,0.00256410256410256,0.205128205128205
"Xindi Lake",67.110754,-152.492202,10102,15189,2876,20,0.019680196801968,0.0106524633821571,0.241011984021305
"Xindi Lake",67.110754,-152.492202,10102,15189,3586,24,0.0168067226890756,0,0.220543806646526
"Xindi Lake",67.110754,-152.492202,10102,15189,4461,28,0.0127551020408163,0.00824175824175824,0.167582417582418
"Xindi Lake",67.110754,-152.492202,10102,15189,5072,32,0.00704225352112676,0,0.16243654822335
"Xindi Lake",67.110754,-152.492202,10102,15189,5341,36,0.0152905198776758,0,0.139837398373984
"Xindi Lake",67.110754,-152.492202,10102,15189,5525,40,0.00950570342205323,0.00407331975560081,0.105906313645621
"Xindi Lake",67.110754,-152.492202,10102,15189,5700,42.5,0.0153964588144727,0.00160642570281124,0.0409638554216867
"Xindi Lake",67.110754,-152.492202,10102,15189,5841,44.5,0.0071301247771836,0.00770712909441233,0.0500963391136801
"Xindi Lake",67.110754,-152.492202,10102,15189,6080,46.5,0.00441826215022091,0.00309119010819165,0.0401854714064915
"Xindi Lake",67.110754,-152.492202,10102,15189,6283,48,0.0252100840336134,0,0.0480549199084668
"Xindi Lake",67.110754,-152.492202,10102,15189,6619,50.5,0.013355592654424,0.0125673249551167,0.0215439856373429
"Xindi Lake",67.110754,-152.492202,10102,15189,6894,52.5,0.0206378986866792,0.00440528634361233,0.0748898678414097
"Xindi Lake",67.110754,-152.492202,10102,15189,7166,54.5,0.0465549348230912,0.00210084033613445,0.0840336134453781
"Xindi Lake",67.110754,-152.492202,10102,15189,7404,56.5,0.0146198830409357,0.0132450331125828,0.132450331125828
"Xindi Lake",67.110754,-152.492202,10102,15189,7629,58.5,0.104265402843602,0.0865724381625442,0.00530035335689046
"Xindi Lake",67.110754,-152.492202,10102,15189,7850,60.5,0.0902527075812274,0.0961145194274029,0.00204498977505112
"Xindi Lake",67.110754,-152.492202,10102,15189,8072,62.5,0.118320610687023,0.139959432048682,0
"Xindi Lake",67.110754,-152.492202,10102,15189,8297,64.5,0.101485148514851,0.152406417112299,0
"Xindi Lake",67.110754,-152.492202,10102,15189,8522,66.5,0.119140625,0.0967032967032967,0
"Xindi Lake",67.110754,-152.492202,10102,15189,8751,68.5,0.0923566878980892,0.215277777777778,0
"Xindi Lake",67.110754,-152.492202,10102,15189,8979,70.5,0.141065830721003,0.198606271777003,0
"Xindi Lake",67.110754,-152.492202,10102,15189,9210,72.5,0.0971867007672634,0.166163141993958,0
"Xindi Lake",67.110754,-152.492202,10102,15189,9442,74.5,0.0762195121951219,0.10472972972973,0
"Xindi Lake",67.110754,-152.492202,10102,15189,9676,76.5,0.098159509202454,0.13745704467354,0
"Xindi Lake",67.110754,-152.492202,10102,15189,10150,80.5,0.0785907859078591,0.140350877192982,0
"Xindi Lake",67.110754,-152.492202,10102,15189,10380,82.5,0.119186046511628,0.111111111111111,0
"Xindi Lake",67.110754,-152.492202,10102,15189,10609,84.5,0.152,0.0385852090032154,0
"Xindi Lake",67.110754,-152.492202,10102,15189,10741,86.5,0.206388206388206,0.0479452054794521,0
"Xindi Lake",67.110754,-152.492202,10102,15189,10766,87,0.164733178654292,0.023972602739726,0
"Xindi Lake",67.110754,-152.492202,10102,15189,10840,88.5,0.226890756302521,0,0
"Xindi Lake",67.110754,-152.492202,10102,15189,10887,89.5,0.180451127819549,0.0135135135135135,0
"Xindi Lake",67.110754,-152.492202,10102,15189,10928,90.5,0.244252873563218,0,0
"Xindi Lake",67.110754,-152.492202,10102,15189,10963,91.5,0.161835748792271,0.00363636363636364,0
"Xindi Lake",67.110754,-152.492202,10102,15189,10998,92.5,0.0524781341107872,0,0
"Xindi Lake",67.110754,-152.492202,10102,15189,11032,93.5,0.0759878419452888,0.00396825396825397,0
"Xindi Lake",67.110754,-152.492202,10102,15189,11067,94.5,0.0504731861198738,0.00380228136882129,0
"Xindi Lake",67.110754,-152.492202,10102,15189,11136,96.5,0.0589970501474926,0,0
"Xindi Lake",67.110754,-152.492202,10102,15189,11203,98.5,0.109756097560976,0,0
"Xindi Lake",67.110754,-152.492202,10102,15189,11270,100.5,0.0526315789473684,0,0
"Xindi Lake",67.110754,-152.492202,10102,15189,11322,102,0.0726256983240224,0,0
"Xindi Lake",67.110754,-152.492202,10102,15189,11424,105,0.0922619047619048,0,0
"Xindi Lake",67.110754,-152.492202,10102,15189,11524,108,0.0755287009063444,0,0
"Xindi Lake",67.110754,-152.492202,10102,15189,11625,111,0.0612813370473538,0,0
"Xindi Lake",67.110754,-152.492202,10102,15189,11725,114,0.0384615384615385,0,0.0118343195266272
"Xindi Lake",67.110754,-152.492202,10102,15189,11829,117,0.0881542699724518,0,0
"Xindi Lake",67.110754,-152.492202,10102,15189,11916,119.5,0.0523255813953488,0,0
"Xindi Lake",67.110754,-152.492202,10102,15189,12197,127.5,0.0574162679425837,0,0
"Xindi Lake",67.110754,-152.492202,10102,15189,12502,135.5,0.046831955922865,0,0.00319488817891374
"Xindi Lake",67.110754,-152.492202,10102,15189,12662,139.5,0.0676470588235294,0,0
"Xindi Lake",67.110754,-152.492202,10102,15189,12820,143.5,0.0455927051671733,0,0
"Xindi Lake",67.110754,-152.492202,10102,15189,12976,147.5,0.0321637426900585,0,0
"Xindi Lake",67.110754,-152.492202,10102,15189,13293,155.5,0.0473372781065089,0,0
"Xindi Lake",67.110754,-152.492202,10102,15189,13611,163.5,0.0625,0,0
"Xindi Lake",67.110754,-152.492202,10102,15189,14428,187.5,0.0514469453376206,0.00452488687782805,0
"Xindi Lake",67.110754,-152.492202,10102,15189,14602,191.5,0.0288184438040346,0,0
"Xindi Lake",67.110754,-152.492202,10102,15189,15361,209.5,0.210862619808307,0,0.0277777777777778
"Xindi Lake",67.110754,-152.492202,10102,15189,16197,229.5,0.238853503184713,0,0.0128205128205128
"Xindi Lake",67.110754,-152.492202,10102,15189,17032,249.5,0.264984227129338,0,0.0555555555555556
"Xindi Lake",67.110754,-152.492202,10102,15189,17867,269.5,0.225806451612903,0,0.051948051948052
"Ranger Lake",67.14722,-153.65,1955,2025,0,0,0.0274390243902439,0,0.20979020979021
"Ranger Lake",67.14722,-153.65,1955,2025,303,10,0.0176056338028169,0.00865800865800866,0.186147186147186
"Ranger Lake",67.14722,-153.65,1955,2025,607,20,0.00625,0,0.227272727272727
"Ranger Lake",67.14722,-153.65,1955,2025,910,30,0.00338983050847458,0,0.205240174672489
"Ranger Lake",67.14722,-153.65,1955,2025,1214,40,0.00821917808219178,0,0.191637630662021
"Ranger Lake",67.14722,-153.65,1955,2025,1517,50,0.0033112582781457,0,0.176470588235294
"Ranger Lake",67.14722,-153.65,1955,2025,1972,65,0.00628930817610063,0,0.276119402985075
"Ranger Lake",67.14722,-153.65,1955,2025,2268,75,0.0151515151515152,0,0.183150183150183
"Ranger Lake",67.14722,-153.65,1955,2025,2404,80,0.00966183574879227,0.00284900284900285,0.205128205128205
"Ranger Lake",67.14722,-153.65,1955,2025,2540,85,0.0137362637362637,0,0.156666666666667
"Ranger Lake",67.14722,-153.65,1955,2025,2949,100,0.00302114803625378,0,0.2
"Ranger Lake",67.14722,-153.65,1955,2025,3221,110,0.0263157894736842,0,0.124528301886792
"Ranger Lake",67.14722,-153.65,1955,2025,3493,120,0.00323624595469256,0,0.26953125
"Ranger Lake",67.14722,-153.65,1955,2025,3766,130,0.0145348837209302,0.0105263157894737,0.196491228070175
"Ranger Lake",67.14722,-153.65,1955,2025,4267,150,0.00316455696202532,0,0.211538461538462
"Ranger Lake",67.14722,-153.65,1955,2025,4504,160,0.0106157112526539,0,0.164141414141414
"Ranger Lake",67.14722,-153.65,1955,2025,4741,170,0.012779552715655,0,0.125475285171103
"Ranger Lake",67.14722,-153.65,1955,2025,5216,190,0.0128205128205128,0,0.0871080139372822
"Ranger Lake",67.14722,-153.65,1955,2025,5453,200,0.00996677740863787,0,0.0909090909090909
"Ranger Lake",67.14722,-153.65,1955,2025,5690,210,0.00548446069469835,0,0.118143459915612
"Ranger Lake",67.14722,-153.65,1955,2025,5952,220,0.00641025641025641,0,0.034965034965035
"Ranger Lake",67.14722,-153.65,1955,2025,6213,230,0.00920245398773006,0,0.0392857142857143
"Ranger Lake",67.14722,-153.65,1955,2025,6475,240,0.00162337662337662,0,0.0616822429906542
"Ranger Lake",67.14722,-153.65,1955,2025,6737,250,0,0,0.0107142857142857
"Ranger Lake",67.14722,-153.65,1955,2025,6998,260,0.0254777070063694,0,0.0434782608695652
"Ranger Lake",67.14722,-153.65,1955,2025,7260,270,0.0214067278287462,0.00434782608695652,0.0391304347826087
"Ranger Lake",67.14722,-153.65,1955,2025,7928,280,0.0215384615384615,0,0.037037037037037
"Ranger Lake",67.14722,-153.65,1955,2025,8596,290,0.0229508196721311,0.00383141762452107,0.0191570881226054
"Ranger Lake",67.14722,-153.65,1955,2025,9264,300,0.067741935483871,0.037037037037037,0
"Ranger Lake",67.14722,-153.65,1955,2025,9932,310,0.0993788819875776,0.0122950819672131,0
"Ranger Lake",67.14722,-153.65,1955,2025,10600,320,0.0380952380952381,0,0
"Ranger Lake",67.14722,-153.65,1955,2025,11273,330,0.0620915032679739,0.00436681222707424,0
"Ranger Lake",67.14722,-153.65,1955,2025,11947,340,0.0736040609137056,0,0.00416666666666667
"Ranger Lake",67.14722,-153.65,1955,2025,12620,350,0.0691823899371069,0.0188679245283019,0
"Ranger Lake",67.14722,-153.65,1955,2025,13293,360,0.151219512195122,0,0.0303030303030303
"Ranger Lake",67.14722,-153.65,1955,2025,13967,370,0.183168316831683,0.0238095238095238,0
"Ranger Lake",67.14722,-153.65,1955,2025,14640,380,0.207070707070707,0,0
"Ranger Lake",67.14722,-153.65,1955,2025,15313,390,0.0985221674876847,0,0.0357142857142857
"Ranger Lake",67.14722,-153.65,1955,2025,15987,400,0.177664974619289,0,0
"Ranger Lake",67.14722,-153.65,1955,2025,16660,410,0.140096618357488,0,0
"Ranger Lake",67.14722,-153.65,1955,2025,17333,420,0.166666666666667,0.075,0
"Ranger Lake",67.14722,-153.65,1955,2025,18007,430,0.204878048780488,0.1,0
"Ranger Lake",67.14722,-153.65,1955,2025,18680,440,0.0703517587939698,0,0.04
"Ranger Lake",67.14722,-153.65,1955,2025,19353,450,0.173076923076923,0,0.0263157894736842
"Ranger Lake",67.14722,-153.65,1955,2025,20027,460,0.173267326732673,0,0
"Ranger Lake",67.14722,-153.65,1955,2025,20700,470,0.128888888888889,0,0.0444444444444444
"Ranger Lake",67.14722,-153.65,1955,2025,22047,490,0.112244897959184,0.148148148148148,0
"Ranger Lake",67.14722,-153.65,1955,2025,22720,500,0.0927835051546392,0.0740740740740741,0.037037037037037
"Ranger Lake",67.14722,-153.65,1955,2025,23393,510,0.0882352941176471,0,0.148148148148148
"Ranger Lake",67.14722,-153.65,1955,2025,24403,525,0.108695652173913,0,0.0444444444444444
"Ranger Lake",67.14722,-153.65,1955,2025,25077,535,0.112820512820513,0,0.0769230769230769
"Ranger Lake",67.14722,-153.65,1955,2025,25750,545,0.108910891089109,0.0344827586206897,0.0344827586206897
"Ranger Lake",67.14722,-153.65,1955,2025,26423,555,0.0341463414634146,0,0.125
"Ranger Lake",67.14722,-153.65,1955,2025,27770,575,0.0900900900900901,0.0540540540540541,0.027027027027027
"Ranger Lake",67.14722,-153.65,1955,2025,28443,585,0.0714285714285714,0.0267857142857143,0
"Ranger Lake",67.14722,-153.65,1955,2025,28780,590,0.00946372239747634,0.00819672131147541,0.0286885245901639
"Ranger Lake",67.14722,-153.65,1955,2025,29117,595,0.00550964187327824,0,0.0638977635782748
"Ranger Lake",67.14722,-153.65,1955,2025,29453,600,0.00617283950617284,0,0.0482758620689655
"Ranger Lake",67.14722,-153.65,1955,2025,29790,605,0.00244498777506112,0.00290697674418605,0.061046511627907
"Ranger Lake",67.14722,-153.65,1955,2025,30127,610,0.00307692307692308,0,0.0394265232974911
"Angal Lake",67.13333,-153.9,207,208,0,0,0.013745704467354,0.00408163265306122,0.183673469387755
"Angal Lake",67.13333,-153.9,207,208,333,6,0,0,0.155102040816327
"Angal Lake",67.13333,-153.9,207,208,672,12,0.0155763239875389,0,0.135531135531136
"Angal Lake",67.13333,-153.9,207,208,1017,18,0.00327868852459016,0,0.0991735537190083
"Angal Lake",67.13333,-153.9,207,208,1546,27,0.0154798761609907,0,0.2
"Angal Lake",67.13333,-153.9,207,208,1905,33,0.0154320987654321,0,0.14336917562724
"Angal Lake",67.13333,-153.9,207,208,2271,39,0.00917431192660551,0,0.0925266903914591
"Angal Lake",67.13333,-153.9,207,208,2643,45,0.0194174757281553,0,0.14453125
"Angal Lake",67.13333,-153.9,207,208,3020,51,0.00613496932515337,0.00336700336700337,0.144781144781145
"Angal Lake",67.13333,-153.9,207,208,3404,57,0.0122324159021407,0,0.145907473309609
"Angal Lake",67.13333,-153.9,207,208,3793,63,0.0105540897097625,0,0.170658682634731
"Angal Lake",67.13333,-153.9,207,208,4189,69,0.00943396226415094,0.00364963503649635,0.127737226277372
"Angal Lake",67.13333,-153.9,207,208,4590,75,0.00983606557377049,0.003690036900369,0.173431734317343
"Angal Lake",67.13333,-153.9,207,208,4997,81,0.018018018018018,0,0.140350877192982
"Angal Lake",67.13333,-153.9,207,208,5411,87,0.00306748466257669,0.00353356890459364,0.148409893992933
"Angal Lake",67.13333,-153.9,207,208,5830,93,0.00651465798045603,0.00738007380073801,0.118081180811808
"Angal Lake",67.13333,-153.9,207,208,6470,102,0.00928792569659443,0.00340136054421769,0.0918367346938775
"Angal Lake",67.13333,-153.9,207,208,6686,105,0.00164473684210526,0,0.0653357531760436
"Angal Lake",67.13333,-153.9,207,208,6904,108,0.00323624595469256,0,0.0596491228070175
"Angal Lake",67.13333,-153.9,207,208,7344,114,0.00630914826498423,0,0.0374149659863946
"Angal Lake",67.13333,-153.9,207,208,7566,117,0.00210526315789474,0,0.0301624129930394
"Angal Lake",67.13333,-153.9,207,208,7789,120,0.0196078431372549,0,0.014336917562724
"Angal Lake",67.13333,-153.9,207,208,8241,126,0.0232558139534884,0,0.0230769230769231
"Angal Lake",67.13333,-153.9,207,208,8469,129,0.00248756218905473,0,0.0689655172413793
"Angal Lake",67.13333,-153.9,207,208,8699,132,0.020066889632107,0,0.0987124463519313
"Angal Lake",67.13333,-153.9,207,208,9163,138,0.0344827586206897,0,0.0956521739130435
"Angal Lake",67.13333,-153.9,207,208,9397,141,0.016025641025641,0,0.0844444444444445
"Angal Lake",67.13333,-153.9,207,208,9869,147,0.0440251572327044,0.0193798449612403,0.00775193798449612
"Angal Lake",67.13333,-153.9,207,208,10348,153,0.0811688311688312,0.0476190476190476,0
"Angal Lake",67.13333,-153.9,207,208,10832,159,0.1,0.0514018691588785,0
"Angal Lake",67.13333,-153.9,207,208,11323,165,0.113207547169811,0.08,0
"Angal Lake",67.13333,-153.9,207,208,11819,171,0.0491803278688525,0.00490196078431373,0
"Angal Lake",67.13333,-153.9,207,208,12321,177,0.0493421052631579,0,0
"Angal Lake",67.13333,-153.9,207,208,12830,183,0.0353697749196141,0.00858369098712446,0
"Angal Lake",67.13333,-153.9,207,208,13344,189,0.158415841584158,0.027027027027027,0
"Angal Lake",67.13333,-153.9,207,208,13864,195,0.138755980861244,0.0571428571428571,0.0285714285714286
"Angal Lake",67.13333,-153.9,207,208,14126,198,0.118811881188119,0.0303030303030303,0.0303030303030303
"Ruppert Lake",67.06667,-154.23333,2232,2311,657,10,0.0128617363344051,0,0.305555555555556
"Ruppert Lake",67.06667,-154.23333,2232,2311,986,15,0.0267558528428094,0.0142348754448399,0.234875444839858
"Ruppert Lake",67.06667,-154.23333,2232,2311,1314,20,0.0127388535031847,0.003584229390681,0.225806451612903
"Ruppert Lake",67.06667,-154.23333,2232,2311,1643,25,0.0206489675516224,0,0.371621621621622
"Ruppert Lake",67.06667,-154.23333,2232,2311,1908,30,0.0107238605898123,0,0.302670623145401
"Ruppert Lake",67.06667,-154.23333,2232,2311,2078,35,0.0134228187919463,0,0.239583333333333
"Ruppert Lake",67.06667,-154.23333,2232,2311,2248,40,0.00643086816720257,0.00342465753424658,0.291095890410959
"Ruppert Lake",67.06667,-154.23333,2232,2311,2418,45,0.00550964187327824,0,0.298136645962733
"Ruppert Lake",67.06667,-154.23333,2232,2311,3472,76,0.00906344410876133,0,0.336633663366337
"Ruppert Lake",67.06667,-154.23333,2232,2311,3608,80,0.00261780104712042,0,0.185185185185185
"Ruppert Lake",67.06667,-154.23333,2232,2311,3854,85,0,0,0.224025974025974
"Ruppert Lake",67.06667,-154.23333,2232,2311,4213,90,0.00307692307692308,0.00324675324675325,0.256493506493506
"Ruppert Lake",67.06667,-154.23333,2232,2311,4572,95,0.012779552715655,0,0.200692041522491
"Ruppert Lake",67.06667,-154.23333,2232,2311,4931,100,0.00307692307692308,0,0.228956228956229
"Ruppert Lake",67.06667,-154.23333,2232,2311,5197,105,0.0133779264214047,0.00694444444444444,0.100694444444444
"Ruppert Lake",67.06667,-154.23333,2232,2311,5370,110,0,0,0.0675675675675676
"Ruppert Lake",67.06667,-154.23333,2232,2311,5544,115,0.00983606557377049,0.00359712230215827,0.0323741007194245
"Ruppert Lake",67.06667,-154.23333,2232,2311,5891,125,0.00595238095238095,0,0.0248447204968944
"Ruppert Lake",67.06667,-154.23333,2232,2311,6238,135,0.00649350649350649,0,0.0172413793103448
"Ruppert Lake",67.06667,-154.23333,2232,2311,6412,140,0.00625,0,0.0102040816326531
"Ruppert Lake",67.06667,-154.23333,2232,2311,6586,145,0.00952380952380952,0.00350877192982456,0.00701754385964912
"Ruppert Lake",67.06667,-154.23333,2232,2311,6759,150,0.0412698412698413,0.023121387283237,0.109826589595376
"Ruppert Lake",67.06667,-154.23333,2232,2311,6933,155,0.0174825174825175,0.0113207547169811,0.0264150943396226
"Ruppert Lake",67.06667,-154.23333,2232,2311,7106,160,0.0194174757281553,0.00374531835205993,0.052434456928839
"Ruppert Lake",67.06667,-154.23333,2232,2311,7280,165,0.0498338870431894,0.0161943319838057,0.0850202429149798
"Ruppert Lake",67.06667,-154.23333,2232,2311,7380,168,0.027355623100304,0.00389105058365759,0.0505836575875486
"Ruppert Lake",67.06667,-154.23333,2232,2311,7448,170,0.04,0,0.0149253731343284
"Ruppert Lake",67.06667,-154.23333,2232,2311,7716,178,0.00626959247648903,0.0114942528735632,0.0459770114942529
"Ruppert Lake",67.06667,-154.23333,2232,2311,7782,180,0.0255591054313099,0.00357142857142857,0.0107142857142857
"Ruppert Lake",67.06667,-154.23333,2232,2311,7816,181,0.00515463917525773,0.0157232704402516,0.0817610062893082
"Ruppert Lake",67.06667,-154.23333,2232,2311,7850,182,0.0195121951219512,0,0.175141242937853
"Ruppert Lake",67.06667,-154.23333,2232,2311,7950,185,0.043731778425656,0,0.126760563380282
"Ruppert Lake",67.06667,-154.23333,2232,2311,8001,187,0.0228758169934641,0,0.125490196078431
"Ruppert Lake",67.06667,-154.23333,2232,2311,8079,190,0.032258064516129,0.00732600732600733,0.0183150183150183
"Ruppert Lake",67.06667,-154.23333,2232,2311,8207,195,0.0806451612903226,0,0.00763358778625954
"Ruppert Lake",67.06667,-154.23333,2232,2311,8465,205,0.0473186119873817,0.0176056338028169,0.0176056338028169
"Ruppert Lake",67.06667,-154.23333,2232,2311,8722,215,0.067741935483871,0.0622837370242215,0.0103806228373702
"Ruppert Lake",67.06667,-154.23333,2232,2311,9237,235,0.0699588477366255,0.0394088669950739,0.00985221674876847
"Ruppert Lake",67.06667,-154.23333,2232,2311,9366,240,0,0.169675090252708,0.0036101083032491
"Ruppert Lake",67.06667,-154.23333,2232,2311,9495,245,0.073482428115016,0.135416666666667,0
"Ruppert Lake",67.06667,-154.23333,2232,2311,9752,255,0.132013201320132,0.270175438596491,0
"Ruppert Lake",67.06667,-154.23333,2232,2311,10010,265,0.0909090909090909,0.394557823129252,0
"Ruppert Lake",67.06667,-154.23333,2232,2311,10293,276,0.161184210526316,0.339222614840989,0
"Ruppert Lake",67.06667,-154.23333,2232,2311,10514,285,0.0836120401337793,0.254032258064516,0
"Ruppert Lake",67.06667,-154.23333,2232,2311,10755,295,0.227722772277228,0.0277777777777778,0
"Ruppert Lake",67.06667,-154.23333,2232,2311,11236,315,0.0960264900662252,0,0
"Ruppert Lake",67.06667,-154.23333,2232,2311,11477,325,0.04375,0,0
"Ruppert Lake",67.06667,-154.23333,2232,2311,11958,345,0.142857142857143,0,0.00854700854700855
"Ruppert Lake",67.06667,-154.23333,2232,2311,12320,360,0.112211221122112,0,0
"Ruppert Lake",67.06667,-154.23333,2232,2311,12607,380,0.0477707006369427,0,0
"Ruppert Lake",67.06667,-154.23333,2232,2311,12650,385,0.0803858520900322,0,0
"Ruppert Lake",67.06667,-154.23333,2232,2311,12693,390,0.179401993355482,0,0
"Ruppert Lake",67.06667,-154.23333,2232,2311,12736,395,0.20873786407767,0,0.0208333333333333
"Ruppert Lake",67.06667,-154.23333,2232,2311,12779,400,0.233009708737864,0,0.02
"Ruppert Lake",67.06667,-154.23333,2232,2311,12994,425,0.145,0,0.0588235294117647
"Minakokosa Lake",66.91667,-155.03333,1699,1755,476,10,0.0119402985074627,0,0.387205387205387
"Minakokosa Lake",66.91667,-155.03333,1699,1755,952,20,0.002710027100271,0.00302114803625378,0.314199395770393
"Minakokosa Lake",66.91667,-155.03333,1699,1755,1427,30,0.0100671140939597,0.00735294117647059,0.330882352941176
"Minakokosa Lake",66.91667,-155.03333,1699,1755,1903,40,0.00943396226415094,0,0.280519480519481
"Minakokosa Lake",66.91667,-155.03333,1699,1755,2379,50,0.0106100795755968,0,0.284883720930233
"Minakokosa Lake",66.91667,-155.03333,1699,1755,2855,60,0.0125786163522013,0,0.299295774647887
"Minakokosa Lake",66.91667,-155.03333,1699,1755,3331,70,0.0229885057471264,0,0.296529968454259
"Minakokosa Lake",66.91667,-155.03333,1699,1755,3806,80,0.0132978723404255,0.00574712643678161,0.359195402298851
"Minakokosa Lake",66.91667,-155.03333,1699,1755,4282,90,0.0304878048780488,0.00964630225080386,0.244372990353698
"Minakokosa Lake",66.91667,-155.03333,1699,1755,4612,100,0.0238095238095238,0.0115942028985507,0.327536231884058
"Minakokosa Lake",66.91667,-155.03333,1699,1755,4797,110,0.00611620795107034,0,0.162068965517241
"Minakokosa Lake",66.91667,-155.03333,1699,1755,4981,120,0.0152905198776758,0,0.0567375886524823
"Minakokosa Lake",66.91667,-155.03333,1699,1755,5166,130,0.0114942528735632,0,0.301204819277108
"Minakokosa Lake",66.91667,-155.03333,1699,1755,5350,140,0.0276073619631902,0.00350877192982456,0.140350877192982
"Minakokosa Lake",66.91667,-155.03333,1699,1755,5535,150,0.0174418604651163,0.00625,0.25
"Minakokosa Lake",66.91667,-155.03333,1699,1755,5720,160,0.00738916256157635,0.010840108401084,0.24390243902439
"Minakokosa Lake",66.91667,-155.03333,1699,1755,5904,170,0.00775193798449612,0,0.133704735376045
"Minakokosa Lake",66.91667,-155.03333,1699,1755,6089,180,0.00797872340425532,0.00286532951289398,0.180515759312321
"Minakokosa Lake",66.91667,-155.03333,1699,1755,6273,190,0.0124610591900312,0,0.0750853242320819
"Minakokosa Lake",66.91667,-155.03333,1699,1755,6458,200,0.00898203592814371,0,0.0280373831775701
"Minakokosa Lake",66.91667,-155.03333,1699,1755,6642,210,0.0190023752969121,0,0.0706521739130435
"Minakokosa Lake",66.91667,-155.03333,1699,1755,7011,230,0.0174563591022444,0.00589970501474926,0.135693215339233
"Minakokosa Lake",66.91667,-155.03333,1699,1755,7196,240,0.0156739811912226,0.00735294117647059,0.0588235294117647
"Minakokosa Lake",66.91667,-155.03333,1699,1755,7380,250,0.0141242937853107,0,0.158730158730159
"Minakokosa Lake",66.91667,-155.03333,1699,1755,7565,260,0.0392156862745098,0.029535864978903,0.0675105485232067
"Minakokosa Lake",66.91667,-155.03333,1699,1755,7750,270,0,0.00316455696202532,0.0316455696202532
"Minakokosa Lake",66.91667,-155.03333,1699,1755,7934,280,0.0246153846153846,0.0176678445229682,0.0918727915194346
"Minakokosa Lake",66.91667,-155.03333,1699,1755,8119,290,0.0132275132275132,0,0.130434782608696
"Minakokosa Lake",66.91667,-155.03333,1699,1755,8303,300,0.048048048048048,0.0305343511450382,0.049618320610687
"Minakokosa Lake",66.91667,-155.03333,1699,1755,8488,310,0.0414012738853503,0.0197628458498024,0.0592885375494071
"Minakokosa Lake",66.91667,-155.03333,1699,1755,8729,320,0.0376175548589342,0.0117647058823529,0.176470588235294
"Minakokosa Lake",66.91667,-155.03333,1699,1755,9324,340,0.0743034055727554,0.0264150943396226,0.237735849056604
"Minakokosa Lake",66.91667,-155.03333,1699,1755,9621,350,0.0588235294117647,0.0733590733590734,0.0501930501930502
"Minakokosa Lake",66.91667,-155.03333,1699,1755,9951,360,0.131964809384164,0.0501930501930502,0.0115830115830116
"Minakokosa Lake",66.91667,-155.03333,1699,1755,10312,370,0.128279883381924,0.124,0.02
"Minakokosa Lake",66.91667,-155.03333,1699,1755,10673,380,0.148264984227129,0.16875,0
"Minakokosa Lake",66.91667,-155.03333,1699,1755,11396,400,0.190615835777126,0.206572769953052,0
"Minakokosa Lake",66.91667,-155.03333,1699,1755,11757,410,0.166666666666667,0.0882352941176471,0.00735294117647059
"Minakokosa Lake",66.91667,-155.03333,1699,1755,12119,420,0.219584569732938,0.0197368421052632,0
"Minakokosa Lake",66.91667,-155.03333,1699,1755,12480,430,0.0557103064066852,0.0747126436781609,0
"Minakokosa Lake",66.91667,-155.03333,1699,1755,12841,440,0.16,0.0427807486631016,0
"Minakokosa Lake",66.91667,-155.03333,1699,1755,13203,450,0.0900621118012422,0.0393258426966292,0.0168539325842697
"Minakokosa Lake",66.91667,-155.03333,1699,1755,13564,460,0.1125,0.00561797752808989,0
"Minakokosa Lake",66.91667,-155.03333,1699,1755,13925,470,0.143283582089552,0,0.00641025641025641
"Minakokosa Lake",66.91667,-155.03333,1699,1755,14287,480,0.135313531353135,0.0466666666666667,0.00666666666666667
"Minakokosa Lake",66.91667,-155.03333,1699,1755,14648,490,0.088135593220339,0.137254901960784,0.0196078431372549
"Minakokosa Lake",66.91667,-155.03333,1699,1755,15009,500,0.082018927444795,0.0441176470588235,0.0294117647058824
"Minakokosa Lake",66.91667,-155.03333,1699,1755,15211,510,0.133720930232558,0.232323232323232,0.0202020202020202
"Minakokosa Lake",66.91667,-155.03333,1699,1755,15335,540,0.136075949367089,0.0476190476190476,0.0952380952380952
"Minakokosa Lake",66.91667,-155.03333,1699,1755,15418,560,0.157738095238095,0,0.0317460317460317
"Minakokosa Lake",66.91667,-155.03333,1699,1755,15585,600,0.119402985074627,0,0.0645161290322581
"Minakokosa Lake",66.91667,-155.03333,1699,1755,15668,620,0.111428571428571,0,0.0588235294117647
"Minakokosa Lake",66.91667,-155.03333,1699,1755,15751,640,0.0771704180064309,0,0.108108108108108
"Minakokosa Lake",66.91667,-155.03333,1699,1755,15855,665,0.0810810810810811,0,0.113636363636364
"Minakokosa Lake",66.91667,-155.03333,1699,1755,16000,700,0.118226600985222,0,0.0789473684210526
"Kollioksak Lake",66.96667,-156.45,1503,1541,1693,20,0.019774011299435,0,0.0721003134796238
"Kollioksak Lake",66.96667,-156.45,1503,1541,2540,30,0.024,0,0.0855457227138643
"Kollioksak Lake",66.96667,-156.45,1503,1541,2703,40,0.0124740124740125,0,0.0318181818181818
"Kollioksak Lake",66.96667,-156.45,1503,1541,2866,50,0.0198019801980198,0.00269541778975741,0.113207547169811
"Kollioksak Lake",66.96667,-156.45,1503,1541,3030,60,0.00255754475703325,0,0.100529100529101
"Kollioksak Lake",66.96667,-156.45,1503,1541,3193,70,0.0136986301369863,0,0.164670658682635
"Kollioksak Lake",66.96667,-156.45,1503,1541,3356,80,0.00602409638554217,0,0.0718954248366013
"Kollioksak Lake",66.96667,-156.45,1503,1541,3519,90,0.0144508670520231,0.00318471337579618,0.0955414012738853
"Kollioksak Lake",66.96667,-156.45,1503,1541,3682,100,0.0027027027027027,0,0.054380664652568
"Kollioksak Lake",66.96667,-156.45,1503,1541,3846,110,0.00477326968973747,0,0.224747474747475
"Kollioksak Lake",66.96667,-156.45,1503,1541,4009,120,0,0,0.196078431372549
"Kollioksak Lake",66.96667,-156.45,1503,1541,4172,130,0.00546448087431694,0,0.0534124629080119
"Kollioksak Lake",66.96667,-156.45,1503,1541,4335,140,0.0171428571428571,0.00314465408805031,0.10062893081761
"Kollioksak Lake",66.96667,-156.45,1503,1541,4498,150,0.00512820512820513,0.00275482093663912,0.115702479338843
"Kollioksak Lake",66.96667,-156.45,1503,1541,4662,160,0.0157894736842105,0,0.0811594202898551
"Kollioksak Lake",66.96667,-156.45,1503,1541,4825,170,0.0076530612244898,0.00273972602739726,0.0712328767123288
"Kollioksak Lake",66.96667,-156.45,1503,1541,4988,180,0.0218579234972678,0,0.0235294117647059
"Kollioksak Lake",66.96667,-156.45,1503,1541,5151,190,0.00649350649350649,0,0.0680272108843537
"Kollioksak Lake",66.96667,-156.45,1503,1541,5314,200,0.00742574257425743,0.0026246719160105,0.089238845144357
"Kollioksak Lake",66.96667,-156.45,1503,1541,5478,210,0.00199203187250996,0,0.0602150537634409
"Kollioksak Lake",66.96667,-156.45,1503,1541,5641,220,0.00925925925925926,0.00983606557377049,0.0491803278688525
"Kollioksak Lake",66.96667,-156.45,1503,1541,5804,230,0.00323624595469256,0.0347222222222222,0.0972222222222222
"Kollioksak Lake",66.96667,-156.45,1503,1541,5967,240,0.00496277915632754,0.0210526315789474,0.0736842105263158
"Kollioksak Lake",66.96667,-156.45,1503,1541,6130,250,0.0139211136890951,0,0.0740740740740741
"Kollioksak Lake",66.96667,-156.45,1503,1541,6294,260,0,0,0.0257879656160458
"Kollioksak Lake",66.96667,-156.45,1503,1541,6457,270,0,0,0.0461538461538462
"Kollioksak Lake",66.96667,-156.45,1503,1541,6620,280,0.0101010101010101,0,0.0452127659574468
"Kollioksak Lake",66.96667,-156.45,1503,1541,6838,290,0.00563380281690141,0,0.0174927113702624
"Kollioksak Lake",66.96667,-156.45,1503,1541,7057,300,0.0120772946859903,0,0.0267379679144385
"Kollioksak Lake",66.96667,-156.45,1503,1541,7275,310,0.010989010989011,0.0062111801242236,0.0031055900621118
"Kollioksak Lake",66.96667,-156.45,1503,1541,7494,320,0.00443458980044346,0,0.00961538461538462
"Kollioksak Lake",66.96667,-156.45,1503,1541,7712,330,0.0097799511002445,0,0.0155440414507772
"Kollioksak Lake",66.96667,-156.45,1503,1541,7930,340,0.00996677740863787,0,0.014336917562724
"Kollioksak Lake",66.96667,-156.45,1503,1541,8149,350,0.0141509433962264,0,0.0100502512562814
"Kollioksak Lake",66.96667,-156.45,1503,1541,8367,360,0.00564971751412429,0.0031055900621118,0.0279503105590062
"Kollioksak Lake",66.96667,-156.45,1503,1541,8586,370,0.00522193211488251,0,0.010989010989011
"Kollioksak Lake",66.96667,-156.45,1503,1541,8804,380,0.0145348837209302,0.00318471337579618,0.00636942675159236
"Kollioksak Lake",66.96667,-156.45,1503,1541,9022,390,0.0197628458498024,0,0.0157303370786517
"Kollioksak Lake",66.96667,-156.45,1503,1541,9241,400,0.0179640718562874,0,0.012396694214876
"Kollioksak Lake",66.96667,-156.45,1503,1541,9350,405,0.0759162303664921,0.0631970260223048,0.00371747211895911
"Kollioksak Lake",66.96667,-156.45,1503,1541,9949,410,0.0263157894736842,0.0292397660818713,0.0146198830409357
"Kollioksak Lake",66.96667,-156.45,1503,1541,11146,420,0.0190217391304348,0.0123456790123457,0.0339506172839506
"Kollioksak Lake",66.96667,-156.45,1503,1541,12344,430,0.036231884057971,0.00293255131964809,0.0117302052785924
"Kollioksak Lake",66.96667,-156.45,1503,1541,13541,440,0.0416666666666667,0.0212121212121212,0.00909090909090909
"Kollioksak Lake",66.96667,-156.45,1503,1541,14140,445,0.0412371134020619,0,0.0333333333333333
"Kollioksak Lake",66.96667,-156.45,1503,1541,14739,450,0.105413105413105,0.024896265560166,0
"Kollioksak Lake",66.96667,-156.45,1503,1541,15098,453,0.0407608695652174,0.0147058823529412,0.0183823529411765
"Joe Lake",66.76667,-157.21667,1355,1390,0,0,0.0150602409638554,0.00335570469798658,0.157718120805369
"Joe Lake",66.76667,-157.21667,1355,1390,715,10,0.0241691842900302,0.00371747211895911,0.0631970260223048
"Joe Lake",66.76667,-157.21667,1355,1390,1430,20,0.0200501253132832,0,0.0962099125364431
"Joe Lake",66.76667,-157.21667,1355,1390,2145,30,0.0111111111111111,0,0.110749185667752
"Joe Lake",66.76667,-157.21667,1355,1390,2860,40,0.0118343195266272,0,0.0668896321070234
"Joe Lake",66.76667,-157.21667,1355,1390,3574,50,0.0214797136038186,0,0.105121293800539
"Joe Lake",66.76667,-157.21667,1355,1390,4289,60,0.0173913043478261,0,0.0510204081632653
"Joe Lake",66.76667,-157.21667,1355,1390,5004,70,0.0140845070422535,0,0.098159509202454
"Joe Lake",66.76667,-157.21667,1355,1390,5719,80,0.0188679245283019,0.003125,0.04375
"Joe Lake",66.76667,-157.21667,1355,1390,6314,85,0.00920245398773006,0,0.0104529616724739
"Joe Lake",66.76667,-157.21667,1355,1390,7860,90,0.0143884892086331,0.00802139037433155,0.0106951871657754
"Joe Lake",66.76667,-157.21667,1355,1390,8086,95,0.00278551532033426,0,0.00964630225080386
"Joe Lake",66.76667,-157.21667,1355,1390,8311,100,0.00884955752212389,0,0.00689655172413793
"Joe Lake",66.76667,-157.21667,1355,1390,8537,105,0.0125391849529781,0,0.0036101083032491
"Joe Lake",66.76667,-157.21667,1355,1390,8763,110,0.0276073619631902,0.0152091254752852,0.00760456273764259
"Joe Lake",66.76667,-157.21667,1355,1390,8989,115,0.0536723163841808,0.0163934426229508,0.00409836065573771
"Joe Lake",66.76667,-157.21667,1355,1390,9214,120,0.0422960725075529,0.00847457627118644,0.0127118644067797
"Joe Lake",66.76667,-157.21667,1355,1390,9492,130,0.0687960687960688,0.00316455696202532,0.0126582278481013
"Joe Lake",66.76667,-157.21667,1355,1390,9598,140,0.0501392757660167,0.027027027027027,0.0154440154440154
"Joe Lake",66.76667,-157.21667,1355,1390,9702,150,0.0568181818181818,0.0183823529411765,0.00735294117647059
"Joe Lake",66.76667,-157.21667,1355,1390,9808,160,0.0343007915567282,0.029940119760479,0.0329341317365269
"Joe Lake",66.76667,-157.21667,1355,1390,9912,170,0.0554156171284635,0.0599369085173502,0.00630914826498423
"Joe Lake",66.76667,-157.21667,1355,1390,10018,180,0.0845771144278607,0.0790273556231003,0.00303951367781155
"Joe Lake",66.76667,-157.21667,1355,1390,10122,190,0.120588235294118,0.174418604651163,0
"Joe Lake",66.76667,-157.21667,1355,1390,10228,200,0.14025974025974,0.274021352313167,0.00355871886120996
"Joe Lake",66.76667,-157.21667,1355,1390,10332,210,0.0977011494252874,0.251908396946565,0.00381679389312977
"Joe Lake",66.76667,-157.21667,1355,1390,10438,220,0.119402985074627,0.09765625,0
"Joe Lake",66.76667,-157.21667,1355,1390,10570,230,0.182089552238806,0.0580912863070539,0
"Joe Lake",66.76667,-157.21667,1355,1390,10730,240,0.217765042979943,0,0
"Joe Lake",66.76667,-157.21667,1355,1390,10889,250,0.10410094637224,0,0
"Joe Lake",66.76667,-157.21667,1355,1390,11049,260,0.0526315789473684,0.00854700854700855,0
"Joe Lake",66.76667,-157.21667,1355,1390,11208,270,0.100558659217877,0,0
"Joe Lake",66.76667,-157.21667,1355,1390,11368,280,0.078740157480315,0,0.00462962962962963
"Joe Lake",66.76667,-157.21667,1355,1390,11528,290,0.0690476190476191,0,0
"Joe Lake",66.76667,-157.21667,1355,1390,11687,300,0.0524017467248908,0,0.0154639175257732
"Joe Lake",66.76667,-157.21667,1355,1390,11847,310,0.0610932475884244,0,0.00490196078431373
"Joe Lake",66.76667,-157.21667,1355,1390,12007,320,0.0467706013363029,0,0.0043859649122807
"Joe Lake",66.76667,-157.21667,1355,1390,12166,330,0.0841836734693878,0.00505050505050505,0
"Joe Lake",66.76667,-157.21667,1355,1390,12326,340,0.0916230366492147,0.00716845878136201,0
"Joe Lake",66.76667,-157.21667,1355,1390,12486,350,0.0875,0.00469483568075117,0.00469483568075117
"Joe Lake",66.76667,-157.21667,1355,1390,12645,360,0.065625,0,0
"Joe Lake",66.76667,-157.21667,1355,1390,12862,370,0.203960396039604,0,0.00598802395209581
"Joe Lake",66.76667,-157.21667,1355,1390,13249,380,0.163784333672431,0,0
"Joe Lake",66.76667,-157.21667,1355,1390,13637,390,0.160747663551402,0,0.0224719101123596
"Joe Lake",66.76667,-157.21667,1355,1390,14024,400,0.0943025540275049,0.00947867298578199,0.0663507109004739
"Joe Lake",66.76667,-157.21667,1355,1390,14397,410,0.105065666041276,0.0454545454545454,0.0303030303030303
"Joe Lake",66.76667,-157.21667,1355,1390,15638,420,0.0901960784313725,0,0.025
"Joe Lake",66.76667,-157.21667,1355,1390,17754,430,0.048828125,0,0.0212765957446809
"Joe Lake",66.76667,-157.21667,1355,1390,19870,440,0.0479846449136276,0,0.016260162601626
"Joe Lake",66.76667,-157.21667,1355,1390,21986,450,0.0359848484848485,0,0.0075187969924812
"Joe Lake",66.76667,-157.21667,1355,1390,24102,460,0.0481481481481481,0,0.032
"Joe Lake",66.76667,-157.21667,1355,1390,25280,470,0.0480274442538593,0,0.0196078431372549
"Joe Lake",66.76667,-157.21667,1355,1390,25760,490,0.0675944333996024,0,0.0062111801242236
"Joe Lake",66.76667,-157.21667,1355,1390,26000,500,0.0985915492957746,0,0.0140845070422535
"Joe Lake",66.76667,-157.21667,1355,1390,26522,510,0.0591397849462366,0,0.00625
"Joe Lake",66.76667,-157.21667,1355,1390,27043,520,0.0785854616895874,0,0.0151515151515152
"Joe Lake",66.76667,-157.21667,1355,1390,27565,530,0.0576540755467197,0,0.016
"Joe Lake",66.76667,-157.21667,1355,1390,28087,540,0.0614617940199336,0,0
"Joe Lake",66.76667,-157.21667,1355,1390,28609,550,0.0741482965931864,0,0.00666666666666667
"Joe Lake",66.76667,-157.21667,1355,1390,29130,560,0.0696798493408663,0,0
"Joe Lake",66.76667,-157.21667,1355,1390,29652,570,0.0473484848484848,0,0.0114285714285714
"Joe Lake",66.76667,-157.21667,1355,1390,30136,580,0.0532110091743119,0,0.0127388535031847
"Joe Lake",66.76667,-157.21667,1355,1390,30563,590,0.0456349206349206,0.00578034682080925,0
"Joe Lake",66.76667,-157.21667,1355,1390,30990,600,0.0352941176470588,0.00540540540540541,0.00540540540540541
"Joe Lake",66.76667,-157.21667,1355,1390,31417,610,0.0622837370242214,0,0.00947867298578199
"Joe Lake",66.76667,-157.21667,1355,1390,31844,620,0.044921875,0,0.00540540540540541
"Joe Lake",66.76667,-157.21667,1355,1390,32272,630,0.0547945205479452,0.0169491525423729,0.0112994350282486
"Joe Lake",66.76667,-157.21667,1355,1390,32699,640,0.0702087286527514,0,0.0104712041884817
"Joe Lake",66.76667,-157.21667,1355,1390,33553,660,0.0379746835443038,0,0.0159235668789809
"Joe Lake",66.76667,-157.21667,1355,1390,33980,670,0.0560578661844485,0,0.00796812749003984
"Joe Lake",66.76667,-157.21667,1355,1390,34407,680,0.050682261208577,0,0.0188679245283019
"Joe Lake",66.76667,-157.21667,1355,1390,35262,700,0.0634920634920635,0,0.0054054054054054
"Joe Lake",66.76667,-157.21667,1355,1390,35689,710,0.0813953488372093,0,0.00625
"Joe Lake",66.76667,-157.21667,1355,1390,36116,720,0.0597609561752988,0,0.0151515151515152
"Joe Lake",66.76667,-157.21667,1355,1390,36543,730,0.102316602316602,0.00404858299595142,0
"Joe Lake",66.76667,-157.21667,1355,1390,36970,740,0.0413669064748201,0,0.0165016501650165
"Joe Lake",66.76667,-157.21667,1355,1390,37824,760,0.131212723658052,0,0.0238095238095238
"Joe Lake",66.76667,-157.21667,1355,1390,38251,770,0.207843137254902,0,0.040650406504065
"Joe Lake",66.76667,-157.21667,1355,1390,38678,780,0.0934393638170974,0,0.0447761194029851
"Joe Lake",66.76667,-157.21667,1355,1390,39106,790,0.121951219512195,0,0.0588235294117647
"Joe Lake",66.76667,-157.21667,1355,1390,39960,810,0.0991253644314869,0,0.0444444444444444
"Joe Lake",66.76667,-157.21667,1355,1390,40814,830,0.110246433203632,0,0.0288461538461538
"Joe Lake",66.76667,-157.21667,1355,1390,41668,850,0.158227848101266,0,0.0972222222222222
"Joe Lake",66.76667,-157.21667,1355,1390,42096,860,0.132149901380671,0,0.058252427184466
"Joe Lake",66.76667,-157.21667,1355,1390,42950,880,0.129337539432177,0,0.0655737704918033
"Joe Lake",66.76667,-157.21667,1355,1390,43377,890,0.143540669856459,0,0.118181818181818
"Joe Lake",66.76667,-157.21667,1355,1390,43804,900,0.141447368421053,0,0.0512820512820513
"Tiinkdhul Lake",66.58333,-143.15,2551,2642,48,2,0.0260869565217391,0.00346020761245675,0.408304498269896
"Tiinkdhul Lake",66.58333,-143.15,2551,2642,238,10,0.0418250950570342,0,0.401913875598086
"Tiinkdhul Lake",66.58333,-143.15,2551,2642,476,20,0.0376175548589342,0,0.434262948207171
"Tiinkdhul Lake",66.58333,-143.15,2551,2642,714,30,0.0443786982248521,0,0.355871886120996
"Tiinkdhul Lake",66.58333,-143.15,2551,2642,952,40,0.0356083086053412,0.00727272727272727,0.363636363636364
"Tiinkdhul Lake",66.58333,-143.15,2551,2642,1190,50,0.0562913907284768,0.00740740740740741,0.333333333333333
"Tiinkdhul Lake",66.58333,-143.15,2551,2642,1428,60,0.0452127659574468,0.00325732899022801,0.322475570032573
"Tiinkdhul Lake",66.58333,-143.15,2551,2642,1666,70,0.0364238410596026,0.00760456273764259,0.433460076045627
"Tiinkdhul Lake",66.58333,-143.15,2551,2642,1904,80,0.0432098765432099,0,0.366255144032922
"Tiinkdhul Lake",66.58333,-143.15,2551,2642,2142,90,0.0225988700564972,0,0.394366197183099
"Tiinkdhul Lake",66.58333,-143.15,2551,2642,2380,100,0.0364583333333333,0,0.260061919504644
"Tiinkdhul Lake",66.58333,-143.15,2551,2642,2815,110,0.0189274447949527,0,0.349442379182156
"Tiinkdhul Lake",66.58333,-143.15,2551,2642,3249,120,0.0153452685421995,0.0031055900621118,0.291925465838509
"Tiinkdhul Lake",66.58333,-143.15,2551,2642,3684,130,0.0260869565217391,0,0.389067524115756
"Tiinkdhul Lake",66.58333,-143.15,2551,2642,4119,140,0.0190735694822888,0.00319488817891374,0.36741214057508
"Tiinkdhul Lake",66.58333,-143.15,2551,2642,4553,150,0.0186170212765957,0,0.35207100591716
"Tiinkdhul Lake",66.58333,-143.15,2551,2642,4988,160,0.0231884057971014,0,0.314102564102564
"Tiinkdhul Lake",66.58333,-143.15,2551,2642,5423,170,0.00579710144927536,0,0.245222929936306
"Tiinkdhul Lake",66.58333,-143.15,2551,2642,5857,180,0.0345744680851064,0,0.226361031518625
"Tiinkdhul Lake",66.58333,-143.15,2551,2642,6292,190,0.0163170163170163,0,0.211302211302211
"Tiinkdhul Lake",66.58333,-143.15,2551,2642,6727,200,0.0249221183800623,0,0.231046931407942
"Tiinkdhul Lake",66.58333,-143.15,2551,2642,7118,209,0.0325443786982249,0.0102040816326531,0.159863945578231
"Tiinkdhul Lake",66.58333,-143.15,2551,2642,7335,214,0.0578512396694215,0.014792899408284,0.230769230769231
"Tiinkdhul Lake",66.58333,-143.15,2551,2642,7770,224,0.0350877192982456,0,0.0862068965517241
"Tiinkdhul Lake",66.58333,-143.15,2551,2642,7836,229,0.0364145658263305,0.0162866449511401,0.100977198697068
"Tiinkdhul Lake",66.58333,-143.15,2551,2642,7903,234,0.107843137254902,0.127049180327869,0.00819672131147541
"Tiinkdhul Lake",66.58333,-143.15,2551,2642,7969,239,0.103030303030303,0.173285198555957,0
"Tiinkdhul Lake",66.58333,-143.15,2551,2642,8036,244,0.106194690265487,0.100694444444444,0
"Tiinkdhul Lake",66.58333,-143.15,2551,2642,8102,249,0.0811594202898551,0.0719178082191781,0.00342465753424658
"Tiinkdhul Lake",66.58333,-143.15,2551,2642,8248,260,0.116883116883117,0.166666666666667,0.00740740740740741
"Tiinkdhul Lake",66.58333,-143.15,2551,2642,8381,270,0.074792243767313,0.140127388535032,0
"Tiinkdhul Lake",66.58333,-143.15,2551,2642,8514,280,0.123745819397993,0.0549019607843137,0
"Tiinkdhul Lake",66.58333,-143.15,2551,2642,8647,290,0.0712401055408971,0.177777777777778,0.00317460317460317
"Tiinkdhul Lake",66.58333,-143.15,2551,2642,8779,300,0.0984126984126984,0.207142857142857,0
"Tiinkdhul Lake",66.58333,-143.15,2551,2642,8912,310,0.0643086816720257,0.195488721804511,0
"Tiinkdhul Lake",66.58333,-143.15,2551,2642,9045,320,0.131578947368421,0.100746268656716,0
"Tiinkdhul Lake",66.58333,-143.15,2551,2642,9178,330,0.135693215339233,0.125,0
"Tiinkdhul Lake",66.58333,-143.15,2551,2642,9311,340,0.0984126984126984,0.113970588235294,0
"Tiinkdhul Lake",66.58333,-143.15,2551,2642,9444,350,0.23598820058997,0.0810810810810811,0
"Tiinkdhul Lake",66.58333,-143.15,2551,2642,9725,360,0.196808510638298,0.0137457044673539,0
"Tiinkdhul Lake",66.58333,-143.15,2551,2642,10154,370,0.042042042042042,0,0
"Tiinkdhul Lake",66.58333,-143.15,2551,2642,10583,380,0.111111111111111,0,0.0129032258064516
"Tiinkdhul Lake",66.58333,-143.15,2551,2642,11012,390,0.0878186968838527,0,0
"Tiinkdhul Lake",66.58333,-143.15,2551,2642,11442,400,0.0658682634730539,0,0
"Tiinkdhul Lake",66.58333,-143.15,2551,2642,11871,410,0.058659217877095,0,0.00657894736842105
"Tiinkdhul Lake",66.58333,-143.15,2551,2642,12300,420,0.100303951367781,0,0.015625
"Tiinkdhul Lake",66.58333,-143.15,2551,2642,12952,430,0.120634920634921,0,0.00840336134453781
"Tiinkdhul Lake",66.58333,-143.15,2551,2642,13604,440,0.172757475083056,0,0.00431034482758621
"Tiinkdhul Lake",66.58333,-143.15,2551,2642,14302,450,0.0952380952380952,0,0.00598802395209581
"Tiinkdhul Lake",66.58333,-143.15,2551,2642,15047,460,0.125766871165644,0,0.0540540540540541
"Tiinkdhul Lake",66.58333,-143.15,2551,2642,15791,470,0.0703363914373089,0,0.0816326530612245
"Tiinkdhul Lake",66.58333,-143.15,2551,2642,16536,480,0.0854430379746835,0,0.166666666666667
"Tiinkdhul Lake",66.58333,-143.15,2551,2642,17280,490,0.147692307692308,0,0.107692307692308
"Tiinkdhul Lake",66.58333,-143.15,2551,2642,18024,500,0.00664451827242525,0,0.153846153846154
"Tiinkdhul Lake",66.58333,-143.15,2551,2642,18769,510,0.0241691842900302,0,0.125
"Tiinkdhul Lake",66.58333,-143.15,2551,2642,19513,520,0.00613496932515337,0,0.428571428571429
"Screaming Lynx Lake",66.068048,-145.406216,13690,20872,-44,6,0.0326797385620915,0.0104895104895105,0.244755244755245
"Screaming Lynx Lake",66.068048,-145.406216,13690,20872,327,26.5,0.0313479623824451,0,0.306451612903226
"Screaming Lynx Lake",66.068048,-145.406216,13690,20872,473,42.5,0.0313479623824451,0.0136518771331058,0.225255972696246
"Screaming Lynx Lake",66.068048,-145.406216,13690,20872,573,52.5,0.0408805031446541,0.00699300699300699,0.248251748251748
"Screaming Lynx Lake",66.068048,-145.406216,13690,20872,700,61,0.0519877675840979,0.0166666666666667,0.23
"Screaming Lynx Lake",66.068048,-145.406216,13690,20872,956,67.75,0.0397553516819572,0.00980392156862745,0.111111111111111
"Screaming Lynx Lake",66.068048,-145.406216,13690,20872,1208,75,0.0463576158940397,0,0.190311418685121
"Screaming Lynx Lake",66.068048,-145.406216,13690,20872,1419,82,0.0260869565217391,0.00319488817891374,0.23961661341853
"Screaming Lynx Lake",66.068048,-145.406216,13690,20872,1582,89.25,0.0222929936305732,0.01,0.233333333333333
"Screaming Lynx Lake",66.068048,-145.406216,13690,20872,1978,104,0.021875,0,0.236111111111111
"Screaming Lynx Lake",66.068048,-145.406216,13690,20872,2187,111.5,0.0318840579710145,0,0.174454828660436
"Screaming Lynx Lake",66.068048,-145.406216,13690,20872,2433,119.5,0.0369230769230769,0,0.186274509803922
"Screaming Lynx Lake",66.068048,-145.406216,13690,20872,2796,133.5,0.0397553516819572,0,0.295681063122924
"Screaming Lynx Lake",66.068048,-145.406216,13690,20872,2974,140,0.0289389067524116,0.00343642611683849,0.237113402061856
"Screaming Lynx Lake",66.068048,-145.406216,13690,20872,3108,145.75,0.0266666666666667,0.0036101083032491,0.223826714801444
"Screaming Lynx Lake",66.068048,-145.406216,13690,20872,3212,150.25,0.0373831775700935,0.00666666666666667,0.186666666666667
"Screaming Lynx Lake",66.068048,-145.406216,13690,20872,3328,156,0.0308988764044944,0,0.255192878338279
"Screaming Lynx Lake",66.068048,-145.406216,13690,20872,3421,160.5,0.0121580547112462,0,0.233766233766234
"Screaming Lynx Lake",66.068048,-145.406216,13690,20872,3516,164.5,0.031055900621118,0.0128205128205128,0.112179487179487
"Screaming Lynx Lake",66.068048,-145.406216,13690,20872,3601,168,0.0362537764350453,0,0.217665615141956
"Screaming Lynx Lake",66.068048,-145.406216,13690,20872,3705,171.5,0.0411392405063291,0.00325732899022801,0.120521172638436
"Screaming Lynx Lake",66.068048,-145.406216,13690,20872,3825,174.75,0.0452961672473868,0.00377358490566038,0.113207547169811
"Screaming Lynx Lake",66.068048,-145.406216,13690,20872,3944,178,0.0328358208955224,0.00319488817891374,0.137380191693291
"Screaming Lynx Lake",66.068048,-145.406216,13690,20872,4058,181.25,0.0516129032258065,0,0.196610169491525
"Screaming Lynx Lake",66.068048,-145.406216,13690,20872,4176,185,0.0152439024390244,0.00308641975308642,0.141975308641975
"Screaming Lynx Lake",66.068048,-145.406216,13690,20872,4301,189,0.0470219435736677,0,0.214521452145215
"Screaming Lynx Lake",66.068048,-145.406216,13690,20872,4458,193.5,0.00934579439252336,0.00320512820512821,0.169871794871795
"Screaming Lynx Lake",66.068048,-145.406216,13690,20872,4655,199,0.0319488817891374,0.00342465753424658,0.0821917808219178
"Screaming Lynx Lake",66.068048,-145.406216,13690,20872,4861,205.25,0.00647249190938511,0.0136518771331058,0.143344709897611
"Screaming Lynx Lake",66.068048,-145.406216,13690,20872,5128,213.25,0.00684931506849315,0,0.0899280575539568
"Screaming Lynx Lake",66.068048,-145.406216,13690,20872,5499,222.5,0.015015015015015,0.00306748466257669,0.0521472392638037
"Screaming Lynx Lake",66.068048,-145.406216,13690,20872,6064,233,0.024390243902439,0.00662251655629139,0.105960264900662
"Screaming Lynx Lake",66.068048,-145.406216,13690,20872,6564,242.5,0.0185185185185185,0.00332225913621262,0.122923588039867
"Screaming Lynx Lake",66.068048,-145.406216,13690,20872,7406,257,0.0296052631578947,0.00338983050847458,0.152542372881356
"Screaming Lynx Lake",66.068048,-145.406216,13690,20872,7773,263.25,0.0162337662337662,0.043046357615894,0.139072847682119
"Screaming Lynx Lake",66.068048,-145.406216,13690,20872,8475,275,0.0189274447949527,0.00977198697068404,0.0651465798045603
"Screaming Lynx Lake",66.068048,-145.406216,13690,20872,8797,280.25,0.0252365930599369,0.028169014084507,0.102112676056338
"Screaming Lynx Lake",66.068048,-145.406216,13690,20872,9014,285.75,0.0328947368421053,0.0614334470989761,0.0887372013651877
"Screaming Lynx Lake",66.068048,-145.406216,13690,20872,9200,291,0.046875,0.116379310344828,0.0387931034482759
"Screaming Lynx Lake",66.068048,-145.406216,13690,20872,9299,296.5,0.0766773162939297,0.219178082191781,0.123287671232877
"Screaming Lynx Lake",66.068048,-145.406216,13690,20872,9699,318.75,0.033003300330033,0.0446735395189003,0
"Screaming Lynx Lake",66.068048,-145.406216,13690,20872,9941,332,0.0517241379310345,0.210144927536232,0.0072463768115942
"Screaming Lynx Lake",66.068048,-145.406216,13690,20872,10074,339.75,0.043956043956044,0.157894736842105,0.0263157894736842
"Screaming Lynx Lake",66.068048,-145.406216,13690,20872,10580,380.25,0.036036036036036,0.0679611650485437,0.00970873786407767
"Sands of Time Lake",66.027922,-147.556308,11575,17328,-31,0,0.0123456790123457,0.00327868852459016,0.354098360655738
"Sands of Time Lake",66.027922,-147.556308,11575,17328,678,28,0.0393120393120393,0,0.306010928961749
"Sands of Time Lake",66.027922,-147.556308,11575,17328,1293,52,0.0458333333333333,0,0.240088105726872
"Sands of Time Lake",66.027922,-147.556308,11575,17328,1698,68,0.0723192019950125,0.00284900284900285,0.230769230769231
"Sands of Time Lake",66.027922,-147.556308,11575,17328,2134,85,0.0181347150259067,0,0.178571428571429
"Sands of Time Lake",66.027922,-147.556308,11575,17328,2623,105,0.0284810126582278,0,0.202054794520548
"Sands of Time Lake",66.027922,-147.556308,11575,17328,3145,125,0.0348258706467662,0.00265957446808511,0.247340425531915
"Sands of Time Lake",66.027922,-147.556308,11575,17328,3661,145,0.0337423312883436,0.00328947368421053,0.335526315789474
"Sands of Time Lake",66.027922,-147.556308,11575,17328,4155,165,0.0102040816326531,0.0105263157894737,0.207017543859649
"Sands of Time Lake",66.027922,-147.556308,11575,17328,4558,185,0.00714285714285714,0.0123762376237624,0.284653465346535
"Sands of Time Lake",66.027922,-147.556308,11575,17328,4973,205,0.0147058823529412,0.00304878048780488,0.271341463414634
"Sands of Time Lake",66.027922,-147.556308,11575,17328,5397,225,0.00852272727272727,0.00872093023255814,0.165697674418605
"Sands of Time Lake",66.027922,-147.556308,11575,17328,5801,245,0.0184049079754601,0,0.195583596214511
"Sands of Time Lake",66.027922,-147.556308,11575,17328,6249,265,0.0158227848101266,0.0065359477124183,0.156862745098039
"Sands of Time Lake",66.027922,-147.556308,11575,17328,6754,285,0.00325732899022801,0,0.121621621621622
"Sands of Time Lake",66.027922,-147.556308,11575,17328,7244,305,0.0262626262626263,0,0.0542797494780793
"Sands of Time Lake",66.027922,-147.556308,11575,17328,7764,325,0.00903614457831325,0,0.0723270440251572
"Sands of Time Lake",66.027922,-147.556308,11575,17328,8270,345,0.0185471406491499,0.00334448160535117,0.0652173913043478
"Sands of Time Lake",66.027922,-147.556308,11575,17328,8833,365,0.0237580993520518,0.013953488372093,0.113953488372093
"Sands of Time Lake",66.027922,-147.556308,11575,17328,9651,385,0.010989010989011,0.0409356725146199,0.0906432748538012
"Sands of Time Lake",66.027922,-147.556308,11575,17328,10092,405,0.0408653846153846,0.0276381909547739,0.155778894472362
"Sands of Time Lake",66.027922,-147.556308,11575,17328,10441,425,0.0949367088607595,0.191780821917808,0.0136986301369863
"Sands of Time Lake",66.027922,-147.556308,11575,17328,11290,447,0.085972850678733,0.124069478908189,0.00248138957816377
"Sands of Time Lake",66.027922,-147.556308,11575,17328,12267,465,0.0549199084668192,0.162907268170426,0.0025062656641604
"Sands of Time Lake",66.027922,-147.556308,11575,17328,13128,485,0.182628062360802,0.00733496332518337,0
"Sands of Time Lake",66.027922,-147.556308,11575,17328,13750,505,0.0274390243902439,0,0
"Sands of Time Lake",66.027922,-147.556308,11575,17328,15321,555,0.132963988919668,0,0.0159362549800797
"Sands of Time Lake",66.027922,-147.556308,11575,17328,16858,605,0.0955414012738854,0.00436681222707424,0.0131004366812227
"Sands of Time Lake",66.027922,-147.556308,11575,17328,17733,630,0.0542452830188679,0,0.0126182965299685
"Sands of Time Lake",66.027922,-147.556308,11575,17328,18644,655,0.120320855614973,0,0.00383141762452107
"Sands of Time Lake",66.027922,-147.556308,11575,17328,19555,680,0.0993589743589744,0,0.0238095238095238
"Sands of Time Lake",66.027922,-147.556308,11575,17328,20464,705,0.0540540540540541,0,0.0185185185185185
"Sands of Time Lake",66.027922,-147.556308,11575,17328,23293,755,0.118343195266272,0,0.125
"Sands of Time Lake",66.027922,-147.556308,11575,17328,25238,805,0.023972602739726,0,0.321428571428571
"Sands of Time Lake",66.027922,-147.556308,11575,17328,26520,855,0.123655913978495,0,0.340425531914894
"Sithylemenkat Lake",66.121544,-151.398584,11579,17338,172,2,0.00552486187845304,0,0.609195402298851
"Sithylemenkat Lake",66.121544,-151.398584,11579,17338,443,5,0.025,0,0.14207650273224
"Sithylemenkat Lake",66.121544,-151.398584,11579,17338,914,10,0.028169014084507,0,0.194656488549618
"Sithylemenkat Lake",66.121544,-151.398584,11579,17338,1841,20,0.00571428571428571,0,0.166666666666667
"Sithylemenkat Lake",66.121544,-151.398584,11579,17338,2127,30,0.0120481927710843,0,0.155844155844156
"Sithylemenkat Lake",66.121544,-151.398584,11579,17338,2408,40,0.0159574468085106,0,0.177142857142857
"Sithylemenkat Lake",66.121544,-151.398584,11579,17338,2690,50,0.0181818181818182,0,0.212903225806452
"Sithylemenkat Lake",66.121544,-151.398584,11579,17338,2975,60,0.0137614678899083,0,0.237623762376238
"Sithylemenkat Lake",66.121544,-151.398584,11579,17338,3258,70,0.0128205128205128,0,0.210526315789474
"Sithylemenkat Lake",66.121544,-151.398584,11579,17338,3537,80,0.0162162162162162,0,0.220238095238095
"Sithylemenkat Lake",66.121544,-151.398584,11579,17338,3819,90,0.00460829493087558,0.00492610837438424,0.197044334975369
"Sithylemenkat Lake",66.121544,-151.398584,11579,17338,4099,100,0,0,0.298701298701299
"Sithylemenkat Lake",66.121544,-151.398584,11579,17338,4373,110,0.00515463917525773,0,0.172222222222222
"Sithylemenkat Lake",66.121544,-151.398584,11579,17338,4653,120,0.00938967136150235,0,0.197044334975369
"Sithylemenkat Lake",66.121544,-151.398584,11579,17338,4930,130,0,0,0.228070175438596
"Sithylemenkat Lake",66.121544,-151.398584,11579,17338,5213,140,0.0121212121212121,0.00636942675159236,0.165605095541401
"Sithylemenkat Lake",66.121544,-151.398584,11579,17338,5493,150,0.0123456790123457,0,0.2
"Sithylemenkat Lake",66.121544,-151.398584,11579,17338,5892,160,0.0111731843575419,0,0.144508670520231
"Sithylemenkat Lake",66.121544,-151.398584,11579,17338,6319,170,0,0,0.119047619047619
"Sithylemenkat Lake",66.121544,-151.398584,11579,17338,6749,180,0.00420168067226891,0,0.0789473684210526
"Sithylemenkat Lake",66.121544,-151.398584,11579,17338,7179,190,0.00520833333333333,0,0.0752688172043011
"Sithylemenkat Lake",66.121544,-151.398584,11579,17338,7607,200,0,0,0.052132701421801
"Sithylemenkat Lake",66.121544,-151.398584,11579,17338,8032,210,0.0127118644067797,0.00454545454545455,0.0409090909090909
"Sithylemenkat Lake",66.121544,-151.398584,11579,17338,8462,220,0.0105820105820106,0,0.0514285714285714
"Sithylemenkat Lake",66.121544,-151.398584,11579,17338,8884,230,0.033175355450237,0,0.160427807486631
"Sithylemenkat Lake",66.121544,-151.398584,11579,17338,9230,240,0,0,0.141104294478528
"Sithylemenkat Lake",66.121544,-151.398584,11579,17338,9557,250,0.0352422907488987,0,0.13302752293578
"Sithylemenkat Lake",66.121544,-151.398584,11579,17338,9882,260,0.033175355450237,0.00495049504950495,0.0594059405940594
"Sithylemenkat Lake",66.121544,-151.398584,11579,17338,10208,270,0.113095238095238,0.0509554140127388,0.0127388535031847
"Sithylemenkat Lake",66.121544,-151.398584,11579,17338,10528,280,0.1,0.103174603174603,0.00793650793650794
"Sithylemenkat Lake",66.121544,-151.398584,11579,17338,10853,290,0.083743842364532,0.130681818181818,0
"Sithylemenkat Lake",66.121544,-151.398584,11579,17338,11173,300,0.127272727272727,0.0921052631578947,0
"Sithylemenkat Lake",66.121544,-151.398584,11579,17338,11500,310,0.175879396984925,0.22289156626506,0
"Sithylemenkat Lake",66.121544,-151.398584,11579,17338,11827,320,0.128318584070796,0.0761421319796954,0
"Sithylemenkat Lake",66.121544,-151.398584,11579,17338,12112,330,0.14367816091954,0.00704225352112676,0
"Sithylemenkat Lake",66.121544,-151.398584,11579,17338,12375,340,0.231638418079096,0,0
"Sithylemenkat Lake",66.121544,-151.398584,11579,17338,12645,350,0.0567010309278351,0,0
"Sithylemenkat Lake",66.121544,-151.398584,11579,17338,12910,360,0.153846153846154,0,0.00775193798449612
"Sithylemenkat Lake",66.121544,-151.398584,11579,17338,13177,370,0.131736526946108,0,0.0166666666666667
"Sithylemenkat Lake",66.121544,-151.398584,11579,17338,13453,380,0.142857142857143,0.00925925925925926,0
"Sithylemenkat Lake",66.121544,-151.398584,11579,17338,13727,390,0.0888888888888889,0,0.0169491525423729
"Sithylemenkat Lake",66.121544,-151.398584,11579,17338,13995,400,0.196078431372549,0,0
"Sithylemenkat Lake",66.121544,-151.398584,11579,17338,14260,410,0.0809248554913295,0,0.00763358778625954
"Sithylemenkat Lake",66.121544,-151.398584,11579,17338,14526,420,0.121387283236994,0,0.0225563909774436
"Sithylemenkat Lake",66.121544,-151.398584,11579,17338,14797,430,0.191358024691358,0.0102040816326531,0.0102040816326531
"Sithylemenkat Lake",66.121544,-151.398584,11579,17338,14932,435,0.206896551724138,0,0.0379746835443038
"Sithylemenkat Lake",66.121544,-151.398584,11579,17338,15064,440,0.186813186813187,0.0125,0.1625
"Sithylemenkat Lake",66.121544,-151.398584,11579,17338,15195,445,0.229166666666667,0,0.0606060606060606
"Sithylemenkat Lake",66.121544,-151.398584,11579,17338,15326,450,0.321428571428571,0,0.0789473684210526
"Sithylemenkat Lake",66.121544,-151.398584,11579,17338,15407,453,0.156934306569343,0.00980392156862745,0.0882352941176471
"Sithylemenkat Lake",66.121544,-151.398584,11579,17338,15461,455,0.133757961783439,0,0.0672268907563025
"North Killeak Lake",66.363098,-164.0618,11583,17345,244,6.5,0.0386904761904762,0,0.0746268656716418
"North Killeak Lake",66.363098,-164.0618,11583,17345,451,11.5,0.0454545454545455,0,0.0492610837438424
"North Killeak Lake",66.363098,-164.0618,11583,17345,886,22,0.0196078431372549,0,0.0456852791878173
"North Killeak Lake",66.363098,-164.0618,11583,17345,1321,32.5,0.0140845070422535,0,0.0566037735849057
"North Killeak Lake",66.363098,-164.0618,11583,17345,1735,42.5,0.00920245398773006,0,0.0878048780487805
"North Killeak Lake",66.363098,-164.0618,11583,17345,2150,52.5,0.0191780821917808,0,0.127906976744186
"North Killeak Lake",66.363098,-164.0618,11583,17345,2584,63,0.0109289617486339,0,0.0313725490196078
"North Killeak Lake",66.363098,-164.0618,11583,17345,2999,73,0.0294117647058824,0,0.0371900826446281
"North Killeak Lake",66.363098,-164.0618,11583,17345,3392,82.5,0.0217391304347826,0,0.0199203187250996
"North Killeak Lake",66.363098,-164.0618,11583,17345,3686,93,0.0032258064516129,0,0.0409090909090909
"North Killeak Lake",66.363098,-164.0618,11583,17345,3818,103,0.0209580838323353,0,0.0247933884297521
"North Killeak Lake",66.363098,-164.0618,11583,17345,3944,112.5,0.00949367088607595,0,0.0170212765957447
"North Killeak Lake",66.363098,-164.0618,11583,17345,4083,123,0.0140845070422535,0,0.0458015267175572
"North Killeak Lake",66.363098,-164.0618,11583,17345,4208,132.5,0.00308641975308642,0,0.0318725099601594
"North Killeak Lake",66.363098,-164.0618,11583,17345,4341,142.5,0.0204678362573099,0.00384615384615385,0.0230769230769231
"North Killeak Lake",66.363098,-164.0618,11583,17345,4671,167.5,0,0,0.0150943396226415
"North Killeak Lake",66.363098,-164.0618,11583,17345,4737,172.5,0.00943396226415094,0,0.024
"North Killeak Lake",66.363098,-164.0618,11583,17345,4876,183,0.00641025641025641,0,0.0186046511627907
"North Killeak Lake",66.363098,-164.0618,11583,17345,5022,194,0.0151057401812689,0,0.0194552529182879
"North Killeak Lake",66.363098,-164.0618,11583,17345,5161,204.5,0.00993377483443709,0,0.0197628458498024
"North Killeak Lake",66.363098,-164.0618,11583,17345,5227,209.5,0.0115606936416185,0,0
"North Killeak Lake",66.363098,-164.0618,11583,17345,5385,221.5,0.0173913043478261,0,0.0106382978723404
"North Killeak Lake",66.363098,-164.0618,11583,17345,5504,230.5,0.0191693290734824,0,0.0267175572519084
"North Killeak Lake",66.363098,-164.0618,11583,17345,5637,240.5,0.0242587601078167,0,0.00699300699300699
"North Killeak Lake",66.363098,-164.0618,11583,17345,5762,250,0.0114613180515759,0.00754716981132075,0.0226415094339623
"North Killeak Lake",66.363098,-164.0618,11583,17345,5987,267,0.015625,0,0.0171673819742489
"North Killeak Lake",66.363098,-164.0618,11583,17345,6133,278,0.0225352112676056,0,0.00354609929078014
"North Killeak Lake",66.363098,-164.0618,11583,17345,6278,289,0.0241691842900302,0.00775193798449612,0.0116279069767442
"North Killeak Lake",66.363098,-164.0618,11583,17345,6397,298,0.021671826625387,0,0.00727272727272727
"North Killeak Lake",66.363098,-164.0618,11583,17345,6529,308,0.0233236151603499,0,0.00363636363636364
"North Killeak Lake",66.363098,-164.0618,11583,17345,6662,318,0.0181268882175227,0,0
"North Killeak Lake",66.363098,-164.0618,11583,17345,6794,328,0.0110192837465565,0.00359712230215827,0
"North Killeak Lake",66.363098,-164.0618,11583,17345,6963,338,0.014792899408284,0,0.00778210116731518
"North Killeak Lake",66.363098,-164.0618,11583,17345,7189,349,0.0416666666666667,0,0.00418410041841004
"North Killeak Lake",66.363098,-164.0618,11583,17345,7580,368,0.023121387283237,0,0
"North Killeak Lake",66.363098,-164.0618,11583,17345,7776,377.5,0.0739644970414201,0,0.0048780487804878
"North Killeak Lake",66.363098,-164.0618,11583,17345,7992,388,0.0276073619631902,0,0.0149253731343284
"North Killeak Lake",66.363098,-164.0618,11583,17345,8197,398,0.0191082802547771,0,0.00578034682080925
"North Killeak Lake",66.363098,-164.0618,11583,17345,8424,409,0.0465116279069767,0.00956937799043062,0.00956937799043062
"North Killeak Lake",66.363098,-164.0618,11583,17345,8743,424.5,0.0480769230769231,0,0.00896860986547085
"North Killeak Lake",66.363098,-164.0618,11583,17345,8949,434.5,0.0404984423676012,0.0294117647058824,0.00840336134453781
"North Killeak Lake",66.363098,-164.0618,11583,17345,9134,443.5,0.0780346820809249,0.004,0.008
"North Killeak Lake",66.363098,-164.0618,11583,17345,9339,453.5,0.0628930817610063,0.0210970464135021,0.00421940928270042
"North Killeak Lake",66.363098,-164.0618,11583,17345,9545,463.5,0.0432098765432099,0,0.0087719298245614
"North Killeak Lake",66.363098,-164.0618,11583,17345,9730,472.5,0.0745341614906832,0.0753768844221105,0.0100502512562814
"North Killeak Lake",66.363098,-164.0618,11583,17345,9936,482.5,0.0642201834862385,0.0131578947368421,0.0087719298245614
"North Killeak Lake",66.363098,-164.0618,11583,17345,10163,493.5,0.0638297872340425,0.0216450216450216,0.00865800865800866
"North Killeak Lake",66.363098,-164.0618,11583,17345,10368,503.5,0.075801749271137,0.0212765957446809,0
"North Killeak Lake",66.363098,-164.0618,11583,17345,10574,513.5,0.067741935483871,0.0311284046692607,0
"North Killeak Lake",66.363098,-164.0618,11583,17345,10780,523.5,0.10233918128655,0.0681818181818182,0
"North Killeak Lake",66.363098,-164.0618,11583,17345,10986,533.5,0.125827814569536,0.0745614035087719,0.0043859649122807
"North Killeak Lake",66.363098,-164.0618,11583,17345,11171,542.5,0.144144144144144,0,0.00847457627118644
"North Killeak Lake",66.363098,-164.0618,11583,17345,11418,554.5,0.191435768261965,0,0.00480769230769231
"North Killeak Lake",66.363098,-164.0618,11583,17345,11623,564.5,0.0934844192634561,0.00476190476190476,0.00476190476190476
"North Killeak Lake",66.363098,-164.0618,11583,17345,11829,574.5,0.0293255131964809,0.00526315789473684,0.00526315789473684
"North Killeak Lake",66.363098,-164.0618,11583,17345,12035,584.5,0.0388349514563107,0.0340136054421769,0
"North Killeak Lake",66.363098,-164.0618,11583,17345,12302,597.5,0.0534591194968553,0.0284090909090909,0.00568181818181818
"North Killeak Lake",66.363098,-164.0618,11583,17345,12508,607.5,0.0313479623824451,0,0.0121951219512195
"North Killeak Lake",66.363098,-164.0618,11583,17345,12714,617.5,0.0757575757575758,0.0123456790123457,0
"North Killeak Lake",66.363098,-164.0618,11583,17345,12951,629,0.0394736842105263,0,0
"North Killeak Lake",66.363098,-164.0618,11583,17345,13146,638.5,0.0708215297450425,0,0.00505050505050505
"North Killeak Lake",66.363098,-164.0618,11583,17345,13372,649.5,0.0326409495548961,0,0.00411522633744856
"North Killeak Lake",66.363098,-164.0618,11583,17345,13558,658.5,0.0664961636828645,0,0.018018018018018
"North Killeak Lake",66.363098,-164.0618,11583,17345,13763,668.5,0.0588235294117647,0,0.00495049504950495
"North Killeak Lake",66.363098,-164.0618,11583,17345,13959,678,0.0621301775147929,0,0.00757575757575758
"North Killeak Lake",66.363098,-164.0618,11583,17345,14051,682.5,0.188271604938272,0,0
